-- phpMyAdmin SQL Dump
-- version 5.2.1
-- https://www.phpmyadmin.net/
--
-- Servidor: 127.0.0.1
-- Tiempo de generación: 25-11-2025 a las 21:26:21
-- Versión del servidor: 10.4.32-MariaDB
-- Versión de PHP: 8.2.12

SET SQL_MODE = "NO_AUTO_VALUE_ON_ZERO";
START TRANSACTION;
SET time_zone = "+00:00";


/*!40101 SET @OLD_CHARACTER_SET_CLIENT=@@CHARACTER_SET_CLIENT */;
/*!40101 SET @OLD_CHARACTER_SET_RESULTS=@@CHARACTER_SET_RESULTS */;
/*!40101 SET @OLD_COLLATION_CONNECTION=@@COLLATION_CONNECTION */;
/*!40101 SET NAMES utf8mb4 */;

--
-- Base de datos: `cine_db`
--

-- --------------------------------------------------------

--
-- Estructura de tabla para la tabla `cinemas`
--

CREATE TABLE `cinemas` (
  `id` int(11) NOT NULL,
  `name` varchar(120) NOT NULL,
  `city` varchar(100) DEFAULT NULL,
  `address` varchar(200) DEFAULT NULL,
  `phone` varchar(50) DEFAULT NULL,
  `created_at` timestamp NOT NULL DEFAULT current_timestamp()
) ENGINE=InnoDB DEFAULT CHARSET=utf8mb4 COLLATE=utf8mb4_unicode_ci;

--
-- Volcado de datos para la tabla `cinemas`
--

INSERT INTO `cinemas` (`id`, `name`, `city`, `address`, `phone`, `created_at`) VALUES
(1, 'Premier Films Centro', 'Bogotá', 'Av. Central 123', '601 555 1234', '2025-11-11 17:56:33'),
(2, 'Premier Films Norte', 'Medellín', 'Calle 45 #8-10', '604 444 5678', '2025-11-11 17:56:33');

-- --------------------------------------------------------

--
-- Estructura de tabla para la tabla `members`
--

CREATE TABLE `members` (
  `user_id` int(11) NOT NULL,
  `tier` varchar(50) NOT NULL,
  `points` int(10) UNSIGNED NOT NULL DEFAULT 0,
  `since` date DEFAULT NULL,
  `joined_at` timestamp NOT NULL DEFAULT current_timestamp()
) ENGINE=InnoDB DEFAULT CHARSET=utf8mb4 COLLATE=utf8mb4_unicode_ci;

--
-- Volcado de datos para la tabla `members`
--

INSERT INTO `members` (`user_id`, `tier`, `points`, `since`, `joined_at`) VALUES
(5, 'vip_basic', 147, '2025-11-18', '2025-11-18 17:51:06'),
(14, 'vip_basic', 31, '2025-11-25', '2025-11-25 20:04:49');

-- --------------------------------------------------------

--
-- Estructura de tabla para la tabla `membership_plans`
--

CREATE TABLE `membership_plans` (
  `id` int(11) NOT NULL,
  `tier` varchar(50) NOT NULL,
  `name` varchar(100) NOT NULL,
  `price_month` decimal(10,2) NOT NULL,
  `perks` text DEFAULT NULL,
  `highlight` tinyint(1) NOT NULL DEFAULT 0,
  `cta` varchar(50) DEFAULT 'Elegir plan',
  `created_at` timestamp NOT NULL DEFAULT current_timestamp()
) ENGINE=InnoDB DEFAULT CHARSET=utf8mb4 COLLATE=utf8mb4_general_ci;

--
-- Volcado de datos para la tabla `membership_plans`
--

INSERT INTO `membership_plans` (`id`, `tier`, `name`, `price_month`, `perks`, `highlight`, `cta`, `created_at`) VALUES
(1, 'vip_basic', 'VIP Basic', 19900.00, '[\"10% OFF en entradas\",\"Puntos x1 en compras\",\"Acceso a preventas básicas\"]', 0, 'Elegir plan', '2025-11-17 23:59:13'),
(2, 'vip_premium', 'VIP Premium', 29900.00, '[\"15% OFF en entradas\",\"Puntos x1.5 en compras\",\"Beneficios en confitería\"]', 1, 'Plan recomendado', '2025-11-17 23:59:13'),
(3, 'vip_premier', 'VIP Premier', 39900.00, '[\"20% OFF en entradas\",\"Puntos x2 en compras\",\"Acceso prioritario\",\"Descuentos especiales\"]', 0, 'Elegir plan', '2025-11-17 23:59:13');

-- --------------------------------------------------------

--
-- Estructura de tabla para la tabla `movies`
--

CREATE TABLE `movies` (
  `id` int(11) NOT NULL,
  `title` varchar(150) NOT NULL,
  `genre` varchar(50) DEFAULT NULL,
  `duration_min` int(11) DEFAULT NULL,
  `age_rating` varchar(10) DEFAULT NULL,
  `rating` decimal(2,1) DEFAULT NULL,
  `formats` varchar(50) DEFAULT NULL,
  `poster_url` varchar(255) DEFAULT NULL,
  `trailer_url` varchar(255) DEFAULT NULL,
  `created_at` timestamp NOT NULL DEFAULT current_timestamp()
) ENGINE=InnoDB DEFAULT CHARSET=utf8mb4 COLLATE=utf8mb4_unicode_ci;

--
-- Volcado de datos para la tabla `movies`
--

INSERT INTO `movies` (`id`, `title`, `genre`, `duration_min`, `age_rating`, `rating`, `formats`, `poster_url`, `trailer_url`, `created_at`) VALUES
(1, 'Avatar: El Camino del Agua', 'Acción', 118, 'PG-13', 4.1, '2D,3D,IMAX', 'img/posters/Avatar.jpg', 'https://www.youtube.com/embed/d9MyW72ELq0', '2025-11-11 17:56:33'),
(2, 'Wakanda Forever', 'Ciencia Ficción', 115, 'PG-13', 4.3, '2D,3D', 'img/posters/C_25086.jpg', 'https://www.youtube.com/embed/_Z3QKkl1WyM', '2025-11-11 17:56:33'),
(7, 'Tron Ares', 'Acción', 130, 'PG-13', 4.0, '2D', 'https://lumiere-a.akamaihd.net/v1/images/image_b4a5067f.jpeg?region=0,0,540,810', 'https://www.youtube.com/watch?v=Q1bvwjV5u3Q', '2025-11-20 02:36:48');

-- --------------------------------------------------------

--
-- Estructura de tabla para la tabla `pos_sales`
--

CREATE TABLE `pos_sales` (
  `id` int(11) NOT NULL,
  `screening_id` int(11) NOT NULL,
  `cashier_id` int(11) NOT NULL,
  `client_id` int(11) DEFAULT NULL,
  `customer_name` varchar(120) DEFAULT NULL,
  `customer_email` varchar(120) DEFAULT NULL,
  `is_vip` tinyint(1) NOT NULL DEFAULT 0,
  `subtotal` decimal(10,2) NOT NULL,
  `tax` decimal(10,2) NOT NULL,
  `total` decimal(10,2) NOT NULL,
  `created_at` timestamp NOT NULL DEFAULT current_timestamp()
) ENGINE=InnoDB DEFAULT CHARSET=utf8mb4 COLLATE=utf8mb4_unicode_ci;

--
-- Volcado de datos para la tabla `pos_sales`
--

INSERT INTO `pos_sales` (`id`, `screening_id`, `cashier_id`, `client_id`, `customer_name`, `customer_email`, `is_vip`, `subtotal`, `tax`, `total`, `created_at`) VALUES
(1, 0, 11, NULL, 'Maria', 'maria@gmail.com', 1, 16203.60, 2592.58, 18796.18, '2025-11-20 06:33:04'),
(8, 0, 0, 5, NULL, NULL, 0, 18000.00, 3420.00, 21420.00, '2025-11-21 01:54:18'),
(9, 0, 0, NULL, NULL, NULL, 0, 0.00, 0.00, 21420.00, '2025-11-21 02:11:03'),
(10, 0, 0, NULL, NULL, NULL, 0, 0.00, 0.00, 21420.00, '2025-11-21 02:34:28'),
(11, 0, 0, NULL, NULL, NULL, 0, 0.00, 0.00, 21420.00, '2025-11-21 02:42:54'),
(12, 0, 0, NULL, NULL, NULL, 0, 0.00, 0.00, 27370.00, '2025-11-21 02:55:27'),
(13, 0, 0, NULL, NULL, NULL, 0, 0.00, 0.00, 27370.00, '2025-11-21 03:09:03'),
(14, 0, 0, NULL, NULL, NULL, 0, 0.00, 0.00, 21420.00, '2025-11-23 19:06:26'),
(15, 0, 0, NULL, NULL, NULL, 0, 0.00, 0.00, 21420.00, '2025-11-24 19:11:06'),
(16, 0, 0, NULL, NULL, NULL, 0, 0.00, 0.00, 21420.00, '2025-11-24 20:06:04'),
(21, 1, 0, 5, NULL, NULL, 0, 0.00, 0.00, 18000.00, '2025-11-24 20:20:18'),
(22, 1, 0, 5, NULL, NULL, 0, 0.00, 0.00, 18000.00, '2025-11-24 20:21:09'),
(23, 4, 0, 5, NULL, NULL, 0, 0.00, 0.00, 0.00, '2025-11-25 17:10:39'),
(24, 4, 0, 5, NULL, NULL, 0, 0.00, 0.00, 0.00, '2025-11-25 17:23:46'),
(25, 1, 0, 5, NULL, NULL, 0, 0.00, 0.00, 0.00, '2025-11-25 17:24:16'),
(26, 1, 0, 5, NULL, NULL, 0, 0.00, 0.00, 0.00, '2025-11-25 17:59:36'),
(27, 1, 0, 5, NULL, NULL, 0, 0.00, 0.00, 18000.00, '2025-11-25 18:43:02'),
(28, 12, 0, 5, NULL, NULL, 0, 0.00, 0.00, 18000.00, '2025-11-25 18:43:50'),
(29, 1, 0, 14, NULL, NULL, 0, 0.00, 0.00, 18000.00, '2025-11-25 20:09:25');

-- --------------------------------------------------------

--
-- Estructura de tabla para la tabla `pos_sale_items`
--

CREATE TABLE `pos_sale_items` (
  `id` int(11) NOT NULL,
  `sale_id` int(11) NOT NULL,
  `item_type` enum('movie','snack') NOT NULL,
  `description` varchar(255) NOT NULL,
  `item_id` int(11) NOT NULL,
  `name` varchar(200) NOT NULL,
  `qty` int(11) NOT NULL,
  `price` decimal(10,2) NOT NULL
) ENGINE=InnoDB DEFAULT CHARSET=utf8mb4 COLLATE=utf8mb4_unicode_ci;

--
-- Volcado de datos para la tabla `pos_sale_items`
--

INSERT INTO `pos_sale_items` (`id`, `sale_id`, `item_type`, `description`, `item_id`, `name`, `qty`, `price`) VALUES
(1, 1, '', '', 1, 'Avatar: El Camino del Agua · 18:00 · 3D Sala 1', 1, 18000.00),
(4, 8, '', '', 1, '', 0, 18000.00),
(5, 9, '', '', 1, '', 0, 18000.00),
(6, 10, '', '', 1, '', 0, 18000.00),
(7, 11, '', '', 12, '', 0, 18000.00),
(8, 12, '', '', 1, '', 0, 23000.00),
(9, 13, '', '', 12, '', 0, 23000.00),
(10, 14, '', '', 1, '', 0, 18000.00),
(11, 15, '', '', 1, '', 0, 18000.00),
(12, 16, '', '', 1, '', 0, 18000.00),
(16, 21, '', 'Asiento A12', 0, '', 1, 18000.00),
(17, 22, '', 'Asiento A13', 0, '', 1, 18000.00),
(18, 23, '', 'Asiento D7', 0, '', 1, 0.00),
(19, 24, '', 'Asiento H6', 0, '', 1, 0.00),
(20, 25, '', 'Asiento F13', 0, '', 1, 0.00),
(21, 26, '', 'Asiento B8', 0, '', 1, 0.00),
(22, 27, '', 'Asiento A8', 0, '', 1, 18000.00),
(23, 28, '', 'Asiento A8', 0, '', 1, 18000.00),
(24, 29, '', 'Asiento B4', 0, '', 1, 18000.00);

-- --------------------------------------------------------

--
-- Estructura de tabla para la tabla `promos`
--

CREATE TABLE `promos` (
  `id` int(11) NOT NULL,
  `coupon` varchar(50) NOT NULL,
  `title` varchar(120) NOT NULL,
  `description` text DEFAULT NULL,
  `discount_percent` decimal(5,2) DEFAULT 0.00,
  `valid_from` date DEFAULT NULL,
  `valid_to` date DEFAULT NULL,
  `active` tinyint(1) DEFAULT 1,
  `created_at` timestamp NOT NULL DEFAULT current_timestamp()
) ENGINE=InnoDB DEFAULT CHARSET=utf8mb4 COLLATE=utf8mb4_unicode_ci;

--
-- Volcado de datos para la tabla `promos`
--

INSERT INTO `promos` (`id`, `coupon`, `title`, `description`, `discount_percent`, `valid_from`, `valid_to`, `active`, `created_at`) VALUES
(1, 'MARTES2X1', 'MARTES2X1', 'Promo MARTES2X1 no acumulable con otras promociones', 50.00, '2025-11-01', '2025-12-31', 1, '2025-11-17 16:01:55'),
(2, 'SCARE12K', 'SCARE12K', 'Entradas a $12.000 para películas de terror después de las 9pm. No acumulable con otras promociones.', 0.00, '2025-10-01', '2025-11-30', 1, '2025-11-17 16:52:36');

-- --------------------------------------------------------

--
-- Estructura de tabla para la tabla `reservas`
--

CREATE TABLE `reservas` (
  `id` int(11) NOT NULL,
  `code` varchar(20) NOT NULL,
  `movie_id` int(11) DEFAULT NULL,
  `screening_id` int(11) NOT NULL,
  `client_id` int(11) DEFAULT NULL,
  `client` varchar(255) DEFAULT '',
  `seats` varchar(255) NOT NULL,
  `total` decimal(10,2) DEFAULT 0.00,
  `status` enum('CONFIRMED','PAID','CANCELLED') DEFAULT 'CONFIRMED',
  `created_at` timestamp NOT NULL DEFAULT current_timestamp()
) ENGINE=InnoDB DEFAULT CHARSET=utf8mb4 COLLATE=utf8mb4_general_ci;

--
-- Volcado de datos para la tabla `reservas`
--

INSERT INTO `reservas` (`id`, `code`, `movie_id`, `screening_id`, `client_id`, `client`, `seats`, `total`, `status`, `created_at`) VALUES
(42, 'R-8549', 1, 1, 14, 'Edgar Morillo', 'B4', 18000.00, 'PAID', '2025-11-25 20:09:09');

-- --------------------------------------------------------

--
-- Estructura de tabla para la tabla `reservas_seats`
--

CREATE TABLE `reservas_seats` (
  `id` int(11) NOT NULL,
  `reserva_id` int(11) NOT NULL,
  `seat_code` varchar(10) NOT NULL
) ENGINE=InnoDB DEFAULT CHARSET=utf8mb4 COLLATE=utf8mb4_general_ci;

-- --------------------------------------------------------

--
-- Estructura de tabla para la tabla `screenings`
--

CREATE TABLE `screenings` (
  `id` int(11) NOT NULL,
  `movie_id` int(11) NOT NULL,
  `cinema_id` int(11) NOT NULL,
  `start_datetime` datetime NOT NULL,
  `format` varchar(10) DEFAULT '2D',
  `hall` varchar(50) DEFAULT 'Sala 1',
  `base_price` decimal(10,2) NOT NULL DEFAULT 18000.00
) ENGINE=InnoDB DEFAULT CHARSET=utf8mb4 COLLATE=utf8mb4_unicode_ci;

--
-- Volcado de datos para la tabla `screenings`
--

INSERT INTO `screenings` (`id`, `movie_id`, `cinema_id`, `start_datetime`, `format`, `hall`, `base_price`) VALUES
(1, 1, 1, '2025-11-25 18:00:00', '3D', '1', 18000.00),
(2, 1, 2, '2025-11-25 21:00:00', '2D', '3', 18000.00),
(3, 2, 1, '2025-11-26 17:30:00', '2D', '2', 18000.00),
(4, 1, 1, '2025-11-25 18:00:00', '2D', '1', 18000.00),
(5, 2, 1, '2025-11-25 18:35:32', '2D', '1', 18000.00),
(6, 2, 1, '2025-11-26 18:35:32', '2D', '2', 18000.00),
(7, 2, 1, '2025-11-27 18:35:32', '2D', '3', 18000.00),
(12, 7, 1, '2025-11-25 21:00:00', '3D', '1', 18000.00);

-- --------------------------------------------------------

--
-- Estructura de tabla para la tabla `seats`
--

CREATE TABLE `seats` (
  `id` int(11) NOT NULL,
  `screening_id` int(11) NOT NULL,
  `seat_code` varchar(10) NOT NULL,
  `status` enum('free','occupied') DEFAULT 'free',
  `created_at` timestamp NOT NULL DEFAULT current_timestamp(),
  `updated_at` timestamp NOT NULL DEFAULT current_timestamp() ON UPDATE current_timestamp(),
  `seat_label` varchar(10) NOT NULL,
  `is_premium` tinyint(1) NOT NULL DEFAULT 0
) ENGINE=InnoDB DEFAULT CHARSET=utf8mb4 COLLATE=utf8mb4_unicode_ci;

--
-- Volcado de datos para la tabla `seats`
--

INSERT INTO `seats` (`id`, `screening_id`, `seat_code`, `status`, `created_at`, `updated_at`, `seat_label`, `is_premium`) VALUES
(1, 5, 'A1', 'free', '2025-11-18 17:50:44', '2025-11-18 17:50:44', '', 0),
(2, 5, 'A2', 'free', '2025-11-18 17:50:44', '2025-11-18 17:50:44', '', 0),
(3, 5, 'A3', 'free', '2025-11-18 17:50:44', '2025-11-18 17:50:44', '', 0),
(4, 5, 'A4', 'free', '2025-11-18 17:50:44', '2025-11-25 19:03:54', '', 0),
(5, 5, 'A5', 'free', '2025-11-18 17:50:44', '2025-11-25 19:03:54', '', 0),
(6, 5, 'A6', 'free', '2025-11-18 17:50:44', '2025-11-18 17:50:44', '', 0),
(7, 5, 'A7', 'free', '2025-11-18 17:50:44', '2025-11-25 19:03:54', '', 0),
(8, 5, 'A8', 'free', '2025-11-18 17:50:44', '2025-11-18 17:50:44', '', 0),
(9, 5, 'A9', 'free', '2025-11-18 17:50:44', '2025-11-18 17:50:44', '', 0),
(10, 5, 'A10', 'free', '2025-11-18 17:50:44', '2025-11-25 19:03:54', '', 0),
(11, 5, 'A11', 'free', '2025-11-18 17:50:44', '2025-11-25 19:03:54', '', 0),
(12, 5, 'A12', 'occupied', '2025-11-18 17:50:44', '2025-11-25 20:00:35', '', 0),
(13, 5, 'A13', 'occupied', '2025-11-18 17:50:44', '2025-11-25 20:00:35', '', 0),
(14, 5, 'A14', 'free', '2025-11-18 17:50:44', '2025-11-18 17:50:44', '', 0),
(15, 5, 'A15', 'free', '2025-11-18 17:50:44', '2025-11-18 17:50:44', '', 0),
(16, 5, 'A16', 'free', '2025-11-18 17:50:44', '2025-11-18 17:50:44', '', 0),
(17, 5, 'B1', 'free', '2025-11-18 17:50:44', '2025-11-18 17:50:44', '', 0),
(18, 5, 'B2', 'free', '2025-11-18 17:50:44', '2025-11-18 17:50:44', '', 0),
(19, 5, 'B3', 'free', '2025-11-18 17:50:44', '2025-11-18 17:50:44', '', 0),
(20, 5, 'B4', 'free', '2025-11-18 17:50:44', '2025-11-18 17:50:44', '', 0),
(21, 5, 'B5', 'free', '2025-11-18 17:50:44', '2025-11-25 19:03:54', '', 0),
(22, 5, 'B6', 'free', '2025-11-18 17:50:44', '2025-11-18 17:50:44', '', 0),
(23, 5, 'B7', 'free', '2025-11-18 17:50:44', '2025-11-18 17:50:44', '', 0),
(24, 5, 'B8', 'free', '2025-11-18 17:50:44', '2025-11-18 17:50:44', '', 0),
(25, 5, 'B9', 'free', '2025-11-18 17:50:44', '2025-11-18 17:50:44', '', 0),
(26, 5, 'B10', 'free', '2025-11-18 17:50:44', '2025-11-18 17:50:44', '', 0),
(27, 5, 'B11', 'free', '2025-11-18 17:50:44', '2025-11-25 19:03:54', '', 0),
(28, 5, 'B12', 'free', '2025-11-18 17:50:44', '2025-11-18 17:50:44', '', 0),
(29, 5, 'B13', 'free', '2025-11-18 17:50:44', '2025-11-25 19:03:54', '', 0),
(30, 5, 'B14', 'free', '2025-11-18 17:50:44', '2025-11-18 17:50:44', '', 0),
(31, 5, 'B15', 'free', '2025-11-18 17:50:44', '2025-11-18 17:50:44', '', 0),
(32, 5, 'B16', 'free', '2025-11-18 17:50:44', '2025-11-18 17:50:44', '', 0),
(33, 5, 'C1', 'free', '2025-11-18 17:50:44', '2025-11-18 17:50:44', '', 0),
(34, 5, 'C2', 'free', '2025-11-18 17:50:44', '2025-11-18 17:50:44', '', 0),
(35, 5, 'C3', 'free', '2025-11-18 17:50:44', '2025-11-18 17:50:44', '', 0),
(36, 5, 'C4', 'free', '2025-11-18 17:50:44', '2025-11-18 17:50:44', '', 0),
(37, 5, 'C5', 'free', '2025-11-18 17:50:44', '2025-11-18 17:50:44', '', 0),
(38, 5, 'C6', 'free', '2025-11-18 17:50:44', '2025-11-18 17:50:44', '', 0),
(39, 5, 'C7', 'free', '2025-11-18 17:50:44', '2025-11-25 19:03:54', '', 0),
(40, 5, 'C8', 'free', '2025-11-18 17:50:44', '2025-11-25 19:03:54', '', 0),
(41, 5, 'C9', 'free', '2025-11-18 17:50:44', '2025-11-25 19:03:54', '', 0),
(42, 5, 'C10', 'free', '2025-11-18 17:50:44', '2025-11-18 17:50:44', '', 0),
(43, 5, 'C11', 'free', '2025-11-18 17:50:44', '2025-11-18 17:50:44', '', 0),
(44, 5, 'C12', 'free', '2025-11-18 17:50:44', '2025-11-18 17:50:44', '', 0),
(45, 5, 'C13', 'free', '2025-11-18 17:50:44', '2025-11-18 17:50:44', '', 0),
(46, 5, 'C14', 'free', '2025-11-18 17:50:44', '2025-11-18 17:50:44', '', 0),
(47, 5, 'C15', 'free', '2025-11-18 17:50:44', '2025-11-18 17:50:44', '', 0),
(48, 5, 'C16', 'free', '2025-11-18 17:50:44', '2025-11-18 17:50:44', '', 0),
(49, 5, 'D1', 'free', '2025-11-18 17:50:44', '2025-11-21 03:14:32', '', 0),
(50, 5, 'D2', 'free', '2025-11-18 17:50:44', '2025-11-21 03:14:32', '', 0),
(51, 5, 'D3', 'free', '2025-11-18 17:50:44', '2025-11-21 03:14:32', '', 0),
(52, 5, 'D4', 'free', '2025-11-18 17:50:44', '2025-11-21 03:14:32', '', 0),
(53, 5, 'D5', 'free', '2025-11-18 17:50:44', '2025-11-21 03:14:32', '', 0),
(54, 5, 'D6', 'free', '2025-11-18 17:50:44', '2025-11-21 03:14:45', '', 1),
(55, 5, 'D7', 'free', '2025-11-18 17:50:44', '2025-11-21 03:14:45', '', 1),
(56, 5, 'D8', 'free', '2025-11-18 17:50:44', '2025-11-25 19:03:54', '', 1),
(57, 5, 'D9', 'free', '2025-11-18 17:50:44', '2025-11-25 19:03:54', '', 0),
(58, 5, 'D10', 'free', '2025-11-18 17:50:44', '2025-11-21 03:14:32', '', 0),
(59, 5, 'D11', 'free', '2025-11-18 17:50:44', '2025-11-21 03:14:32', '', 0),
(60, 5, 'D12', 'free', '2025-11-18 17:50:44', '2025-11-21 03:14:32', '', 0),
(61, 5, 'D13', 'free', '2025-11-18 17:50:44', '2025-11-21 03:14:32', '', 0),
(62, 5, 'D14', 'free', '2025-11-18 17:50:44', '2025-11-21 03:14:45', '', 1),
(63, 5, 'D15', 'free', '2025-11-18 17:50:44', '2025-11-21 03:14:45', '', 1),
(64, 5, 'D16', 'free', '2025-11-18 17:50:44', '2025-11-21 03:14:45', '', 1),
(65, 5, 'E1', 'free', '2025-11-18 17:50:44', '2025-11-21 03:14:32', '', 0),
(66, 5, 'E2', 'free', '2025-11-18 17:50:44', '2025-11-21 03:14:32', '', 0),
(67, 5, 'E3', 'free', '2025-11-18 17:50:44', '2025-11-21 03:14:32', '', 0),
(68, 5, 'E4', 'free', '2025-11-18 17:50:44', '2025-11-21 03:14:32', '', 0),
(69, 5, 'E5', 'free', '2025-11-18 17:50:44', '2025-11-21 03:14:32', '', 0),
(70, 5, 'E6', 'free', '2025-11-18 17:50:44', '2025-11-21 03:14:45', '', 1),
(71, 5, 'E7', 'free', '2025-11-18 17:50:44', '2025-11-21 03:14:45', '', 1),
(72, 5, 'E8', 'free', '2025-11-18 17:50:44', '2025-11-21 03:14:45', '', 1),
(73, 5, 'E9', 'free', '2025-11-18 17:50:44', '2025-11-21 03:14:32', '', 0),
(74, 5, 'E10', 'free', '2025-11-18 17:50:44', '2025-11-21 03:14:32', '', 0),
(75, 5, 'E11', 'free', '2025-11-18 17:50:44', '2025-11-21 03:14:32', '', 0),
(76, 5, 'E12', 'free', '2025-11-18 17:50:44', '2025-11-21 03:14:32', '', 0),
(77, 5, 'E13', 'free', '2025-11-18 17:50:44', '2025-11-21 03:14:32', '', 0),
(78, 5, 'E14', 'free', '2025-11-18 17:50:44', '2025-11-21 03:14:45', '', 1),
(79, 5, 'E15', 'free', '2025-11-18 17:50:44', '2025-11-21 03:14:45', '', 1),
(80, 5, 'E16', 'free', '2025-11-18 17:50:44', '2025-11-21 03:14:45', '', 1),
(81, 5, 'F1', 'free', '2025-11-18 17:50:44', '2025-11-18 17:50:44', '', 0),
(82, 5, 'F2', 'free', '2025-11-18 17:50:44', '2025-11-18 17:50:44', '', 0),
(83, 5, 'F3', 'free', '2025-11-18 17:50:44', '2025-11-18 17:50:44', '', 0),
(84, 5, 'F4', 'free', '2025-11-18 17:50:44', '2025-11-18 17:50:44', '', 0),
(85, 5, 'F5', 'free', '2025-11-18 17:50:44', '2025-11-18 17:50:44', '', 0),
(86, 5, 'F6', 'free', '2025-11-18 17:50:44', '2025-11-18 17:50:44', '', 0),
(87, 5, 'F7', 'free', '2025-11-18 17:50:44', '2025-11-18 17:50:44', '', 0),
(88, 5, 'F8', 'free', '2025-11-18 17:50:44', '2025-11-18 17:50:44', '', 0),
(89, 5, 'F9', 'free', '2025-11-18 17:50:44', '2025-11-18 17:50:44', '', 0),
(90, 5, 'F10', 'free', '2025-11-18 17:50:44', '2025-11-18 17:50:44', '', 0),
(91, 5, 'F11', 'free', '2025-11-18 17:50:44', '2025-11-18 17:50:44', '', 0),
(92, 5, 'F12', 'free', '2025-11-18 17:50:44', '2025-11-18 17:50:44', '', 0),
(93, 5, 'F13', 'free', '2025-11-18 17:50:44', '2025-11-18 17:50:44', '', 0),
(94, 5, 'F14', 'free', '2025-11-18 17:50:44', '2025-11-18 17:50:44', '', 0),
(95, 5, 'F15', 'free', '2025-11-18 17:50:44', '2025-11-18 17:50:44', '', 0),
(96, 5, 'F16', 'free', '2025-11-18 17:50:44', '2025-11-18 17:50:44', '', 0),
(97, 5, 'G1', 'free', '2025-11-18 17:50:44', '2025-11-18 17:50:44', '', 0),
(98, 5, 'G2', 'free', '2025-11-18 17:50:44', '2025-11-18 17:50:44', '', 0),
(99, 5, 'G3', 'free', '2025-11-18 17:50:44', '2025-11-18 17:50:44', '', 0),
(100, 5, 'G4', 'free', '2025-11-18 17:50:44', '2025-11-18 17:50:44', '', 0),
(101, 5, 'G5', 'free', '2025-11-18 17:50:44', '2025-11-18 17:50:44', '', 0),
(102, 5, 'G6', 'free', '2025-11-18 17:50:44', '2025-11-18 17:50:44', '', 0),
(103, 5, 'G7', 'free', '2025-11-18 17:50:44', '2025-11-18 17:50:44', '', 0),
(104, 5, 'G8', 'free', '2025-11-18 17:50:44', '2025-11-18 17:50:44', '', 0),
(105, 5, 'G9', 'free', '2025-11-18 17:50:44', '2025-11-18 17:50:44', '', 0),
(106, 5, 'G10', 'free', '2025-11-18 17:50:44', '2025-11-18 17:50:44', '', 0),
(107, 5, 'G11', 'free', '2025-11-18 17:50:44', '2025-11-18 17:50:44', '', 0),
(108, 5, 'G12', 'free', '2025-11-18 17:50:44', '2025-11-18 17:50:44', '', 0),
(109, 5, 'G13', 'free', '2025-11-18 17:50:44', '2025-11-18 17:50:44', '', 0),
(110, 5, 'G14', 'free', '2025-11-18 17:50:44', '2025-11-18 17:50:44', '', 0),
(111, 5, 'G15', 'free', '2025-11-18 17:50:44', '2025-11-18 17:50:44', '', 0),
(112, 5, 'G16', 'free', '2025-11-18 17:50:44', '2025-11-18 17:50:44', '', 0),
(113, 5, 'H1', 'free', '2025-11-18 17:50:44', '2025-11-18 17:50:44', '', 0),
(114, 5, 'H2', 'free', '2025-11-18 17:50:44', '2025-11-18 17:50:44', '', 0),
(115, 5, 'H3', 'free', '2025-11-18 17:50:44', '2025-11-18 17:50:44', '', 0),
(116, 5, 'H4', 'free', '2025-11-18 17:50:44', '2025-11-18 17:50:44', '', 0),
(117, 5, 'H5', 'free', '2025-11-18 17:50:44', '2025-11-18 17:50:44', '', 0),
(118, 5, 'H6', 'free', '2025-11-18 17:50:44', '2025-11-18 17:50:44', '', 0),
(119, 5, 'H7', 'free', '2025-11-18 17:50:44', '2025-11-18 17:50:44', '', 0),
(120, 5, 'H8', 'free', '2025-11-18 17:50:44', '2025-11-18 17:50:44', '', 0),
(121, 5, 'H9', 'free', '2025-11-18 17:50:44', '2025-11-18 17:50:44', '', 0),
(122, 5, 'H10', 'free', '2025-11-18 17:50:44', '2025-11-18 17:50:44', '', 0),
(123, 5, 'H11', 'free', '2025-11-18 17:50:44', '2025-11-18 17:50:44', '', 0),
(124, 5, 'H12', 'free', '2025-11-18 17:50:44', '2025-11-18 17:50:44', '', 0),
(125, 5, 'H13', 'free', '2025-11-18 17:50:44', '2025-11-18 17:50:44', '', 0),
(126, 5, 'H14', 'free', '2025-11-18 17:50:44', '2025-11-18 17:50:44', '', 0),
(127, 5, 'H15', 'free', '2025-11-18 17:50:44', '2025-11-18 17:50:44', '', 0),
(128, 5, 'H16', 'free', '2025-11-18 17:50:44', '2025-11-18 17:50:44', '', 0),
(129, 2, 'A1', 'free', '2025-11-18 21:53:25', '2025-11-18 21:53:25', '', 0),
(130, 2, 'A2', 'free', '2025-11-18 21:53:25', '2025-11-18 21:53:25', '', 0),
(131, 2, 'A3', 'free', '2025-11-18 21:53:25', '2025-11-18 21:53:25', '', 0),
(132, 2, 'A4', 'free', '2025-11-18 21:53:25', '2025-11-18 21:53:25', '', 0),
(133, 2, 'A5', 'free', '2025-11-18 21:53:25', '2025-11-18 21:53:25', '', 0),
(134, 2, 'A6', 'free', '2025-11-18 21:53:25', '2025-11-18 21:53:25', '', 0),
(135, 2, 'A7', 'free', '2025-11-18 21:53:25', '2025-11-18 21:53:25', '', 0),
(136, 2, 'A8', 'free', '2025-11-18 21:53:25', '2025-11-18 21:53:25', '', 0),
(137, 2, 'A9', 'free', '2025-11-18 21:53:25', '2025-11-18 21:53:25', '', 0),
(138, 2, 'A10', 'free', '2025-11-18 21:53:25', '2025-11-18 21:53:25', '', 0),
(139, 2, 'A11', 'free', '2025-11-18 21:53:25', '2025-11-18 21:53:25', '', 0),
(140, 2, 'A12', 'free', '2025-11-18 21:53:25', '2025-11-18 21:53:25', '', 0),
(141, 2, 'A13', 'free', '2025-11-18 21:53:25', '2025-11-18 21:53:25', '', 0),
(142, 2, 'A14', 'free', '2025-11-18 21:53:25', '2025-11-18 21:53:25', '', 0),
(143, 2, 'A15', 'free', '2025-11-18 21:53:25', '2025-11-18 21:53:25', '', 0),
(144, 2, 'A16', 'free', '2025-11-18 21:53:25', '2025-11-18 21:53:25', '', 0),
(145, 2, 'B1', 'free', '2025-11-18 21:53:25', '2025-11-18 21:53:25', '', 0),
(146, 2, 'B2', 'free', '2025-11-18 21:53:25', '2025-11-18 21:53:25', '', 0),
(147, 2, 'B3', 'free', '2025-11-18 21:53:25', '2025-11-18 21:53:25', '', 0),
(148, 2, 'B4', 'free', '2025-11-18 21:53:25', '2025-11-18 21:53:25', '', 0),
(149, 2, 'B5', 'free', '2025-11-18 21:53:25', '2025-11-18 21:53:25', '', 0),
(150, 2, 'B6', 'free', '2025-11-18 21:53:25', '2025-11-18 21:53:25', '', 0),
(151, 2, 'B7', 'free', '2025-11-18 21:53:25', '2025-11-18 21:53:25', '', 0),
(152, 2, 'B8', 'free', '2025-11-18 21:53:25', '2025-11-18 21:53:25', '', 0),
(153, 2, 'B9', 'free', '2025-11-18 21:53:25', '2025-11-18 21:53:25', '', 0),
(154, 2, 'B10', 'free', '2025-11-18 21:53:25', '2025-11-18 21:53:25', '', 0),
(155, 2, 'B11', 'free', '2025-11-18 21:53:25', '2025-11-18 21:53:25', '', 0),
(156, 2, 'B12', 'free', '2025-11-18 21:53:25', '2025-11-18 21:53:25', '', 0),
(157, 2, 'B13', 'free', '2025-11-18 21:53:25', '2025-11-18 21:53:25', '', 0),
(158, 2, 'B14', 'free', '2025-11-18 21:53:25', '2025-11-18 21:53:25', '', 0),
(159, 2, 'B15', 'free', '2025-11-18 21:53:25', '2025-11-18 21:53:25', '', 0),
(160, 2, 'B16', 'free', '2025-11-18 21:53:25', '2025-11-18 21:53:25', '', 0),
(161, 2, 'C1', 'free', '2025-11-18 21:53:25', '2025-11-18 21:53:25', '', 0),
(162, 2, 'C2', 'free', '2025-11-18 21:53:25', '2025-11-18 21:53:25', '', 0),
(163, 2, 'C3', 'free', '2025-11-18 21:53:25', '2025-11-18 21:53:25', '', 0),
(164, 2, 'C4', 'free', '2025-11-18 21:53:25', '2025-11-18 21:53:25', '', 0),
(165, 2, 'C5', 'free', '2025-11-18 21:53:25', '2025-11-18 21:53:25', '', 0),
(166, 2, 'C6', 'free', '2025-11-18 21:53:25', '2025-11-18 21:53:25', '', 0),
(167, 2, 'C7', 'free', '2025-11-18 21:53:25', '2025-11-18 21:53:25', '', 0),
(168, 2, 'C8', 'free', '2025-11-18 21:53:25', '2025-11-18 21:53:25', '', 0),
(169, 2, 'C9', 'free', '2025-11-18 21:53:25', '2025-11-18 21:53:25', '', 0),
(170, 2, 'C10', 'free', '2025-11-18 21:53:25', '2025-11-18 21:53:25', '', 0),
(171, 2, 'C11', 'free', '2025-11-18 21:53:25', '2025-11-18 21:53:25', '', 0),
(172, 2, 'C12', 'free', '2025-11-18 21:53:25', '2025-11-18 21:53:25', '', 0),
(173, 2, 'C13', 'free', '2025-11-18 21:53:25', '2025-11-18 21:53:25', '', 0),
(174, 2, 'C14', 'free', '2025-11-18 21:53:25', '2025-11-18 21:53:25', '', 0),
(175, 2, 'C15', 'free', '2025-11-18 21:53:25', '2025-11-18 21:53:25', '', 0),
(176, 2, 'C16', 'free', '2025-11-18 21:53:25', '2025-11-18 21:53:25', '', 0),
(177, 2, 'D1', 'free', '2025-11-18 21:53:25', '2025-11-21 03:14:32', '', 0),
(178, 2, 'D2', 'free', '2025-11-18 21:53:25', '2025-11-21 03:14:32', '', 0),
(179, 2, 'D3', 'free', '2025-11-18 21:53:25', '2025-11-21 03:14:32', '', 0),
(180, 2, 'D4', 'free', '2025-11-18 21:53:25', '2025-11-21 03:14:32', '', 0),
(181, 2, 'D5', 'free', '2025-11-18 21:53:25', '2025-11-21 03:14:32', '', 0),
(182, 2, 'D6', 'free', '2025-11-18 21:53:25', '2025-11-21 03:14:45', '', 1),
(183, 2, 'D7', 'free', '2025-11-18 21:53:25', '2025-11-21 03:14:45', '', 1),
(184, 2, 'D8', 'free', '2025-11-18 21:53:25', '2025-11-21 03:14:45', '', 1),
(185, 2, 'D9', 'free', '2025-11-18 21:53:25', '2025-11-21 03:14:32', '', 0),
(186, 2, 'D10', 'free', '2025-11-18 21:53:25', '2025-11-21 03:14:32', '', 0),
(187, 2, 'D11', 'free', '2025-11-18 21:53:25', '2025-11-21 03:14:32', '', 0),
(188, 2, 'D12', 'free', '2025-11-18 21:53:25', '2025-11-21 03:14:32', '', 0),
(189, 2, 'D13', 'free', '2025-11-18 21:53:25', '2025-11-21 03:14:32', '', 0),
(190, 2, 'D14', 'free', '2025-11-18 21:53:25', '2025-11-21 03:14:45', '', 1),
(191, 2, 'D15', 'free', '2025-11-18 21:53:25', '2025-11-21 03:14:45', '', 1),
(192, 2, 'D16', 'free', '2025-11-18 21:53:25', '2025-11-21 03:14:45', '', 1),
(193, 2, 'E1', 'free', '2025-11-18 21:53:25', '2025-11-21 03:14:32', '', 0),
(194, 2, 'E2', 'free', '2025-11-18 21:53:25', '2025-11-21 03:14:32', '', 0),
(195, 2, 'E3', 'free', '2025-11-18 21:53:25', '2025-11-21 03:14:32', '', 0),
(196, 2, 'E4', 'free', '2025-11-18 21:53:25', '2025-11-21 03:14:32', '', 0),
(197, 2, 'E5', 'free', '2025-11-18 21:53:25', '2025-11-21 03:14:32', '', 0),
(198, 2, 'E6', 'free', '2025-11-18 21:53:25', '2025-11-21 03:14:45', '', 1),
(199, 2, 'E7', 'free', '2025-11-18 21:53:25', '2025-11-21 03:14:45', '', 1),
(200, 2, 'E8', 'free', '2025-11-18 21:53:25', '2025-11-21 03:14:45', '', 1),
(201, 2, 'E9', 'free', '2025-11-18 21:53:25', '2025-11-21 03:14:32', '', 0),
(202, 2, 'E10', 'free', '2025-11-18 21:53:25', '2025-11-21 03:14:32', '', 0),
(203, 2, 'E11', 'free', '2025-11-18 21:53:25', '2025-11-21 03:14:32', '', 0),
(204, 2, 'E12', 'free', '2025-11-18 21:53:25', '2025-11-21 03:14:32', '', 0),
(205, 2, 'E13', 'free', '2025-11-18 21:53:25', '2025-11-21 03:14:32', '', 0),
(206, 2, 'E14', 'free', '2025-11-18 21:53:25', '2025-11-21 03:14:45', '', 1),
(207, 2, 'E15', 'free', '2025-11-18 21:53:25', '2025-11-21 03:14:45', '', 1),
(208, 2, 'E16', 'free', '2025-11-18 21:53:25', '2025-11-21 03:14:45', '', 1),
(209, 2, 'F1', 'free', '2025-11-18 21:53:25', '2025-11-18 21:53:25', '', 0),
(210, 2, 'F2', 'free', '2025-11-18 21:53:25', '2025-11-18 21:53:25', '', 0),
(211, 2, 'F3', 'free', '2025-11-18 21:53:25', '2025-11-18 21:53:25', '', 0),
(212, 2, 'F4', 'free', '2025-11-18 21:53:25', '2025-11-18 21:53:25', '', 0),
(213, 2, 'F5', 'free', '2025-11-18 21:53:25', '2025-11-18 21:53:25', '', 0),
(214, 2, 'F6', 'free', '2025-11-18 21:53:25', '2025-11-18 21:53:25', '', 0),
(215, 2, 'F7', 'free', '2025-11-18 21:53:25', '2025-11-18 21:53:25', '', 0),
(216, 2, 'F8', 'free', '2025-11-18 21:53:25', '2025-11-18 21:53:25', '', 0),
(217, 2, 'F9', 'free', '2025-11-18 21:53:25', '2025-11-18 21:53:25', '', 0),
(218, 2, 'F10', 'free', '2025-11-18 21:53:25', '2025-11-18 21:53:25', '', 0),
(219, 2, 'F11', 'free', '2025-11-18 21:53:25', '2025-11-18 21:53:25', '', 0),
(220, 2, 'F12', 'free', '2025-11-18 21:53:25', '2025-11-18 21:53:25', '', 0),
(221, 2, 'F13', 'free', '2025-11-18 21:53:25', '2025-11-18 21:53:25', '', 0),
(222, 2, 'F14', 'free', '2025-11-18 21:53:25', '2025-11-18 21:53:25', '', 0),
(223, 2, 'F15', 'free', '2025-11-18 21:53:25', '2025-11-18 21:53:25', '', 0),
(224, 2, 'F16', 'free', '2025-11-18 21:53:25', '2025-11-18 21:53:25', '', 0),
(225, 2, 'G1', 'free', '2025-11-18 21:53:25', '2025-11-18 21:53:25', '', 0),
(226, 2, 'G2', 'free', '2025-11-18 21:53:25', '2025-11-18 21:53:25', '', 0),
(227, 2, 'G3', 'free', '2025-11-18 21:53:25', '2025-11-18 21:53:25', '', 0),
(228, 2, 'G4', 'free', '2025-11-18 21:53:25', '2025-11-18 21:53:25', '', 0),
(229, 2, 'G5', 'free', '2025-11-18 21:53:25', '2025-11-18 21:53:25', '', 0),
(230, 2, 'G6', 'free', '2025-11-18 21:53:25', '2025-11-18 21:53:25', '', 0),
(231, 2, 'G7', 'free', '2025-11-18 21:53:25', '2025-11-18 21:53:25', '', 0),
(232, 2, 'G8', 'free', '2025-11-18 21:53:25', '2025-11-18 21:53:25', '', 0),
(233, 2, 'G9', 'free', '2025-11-18 21:53:25', '2025-11-18 21:53:25', '', 0),
(234, 2, 'G10', 'free', '2025-11-18 21:53:25', '2025-11-18 21:53:25', '', 0),
(235, 2, 'G11', 'free', '2025-11-18 21:53:25', '2025-11-18 21:53:25', '', 0),
(236, 2, 'G12', 'free', '2025-11-18 21:53:25', '2025-11-18 21:53:25', '', 0),
(237, 2, 'G13', 'free', '2025-11-18 21:53:25', '2025-11-18 21:53:25', '', 0),
(238, 2, 'G14', 'free', '2025-11-18 21:53:25', '2025-11-18 21:53:25', '', 0),
(239, 2, 'G15', 'free', '2025-11-18 21:53:25', '2025-11-18 21:53:25', '', 0),
(240, 2, 'G16', 'free', '2025-11-18 21:53:25', '2025-11-18 21:53:25', '', 0),
(241, 2, 'H1', 'free', '2025-11-18 21:53:25', '2025-11-18 21:53:25', '', 0),
(242, 2, 'H2', 'free', '2025-11-18 21:53:25', '2025-11-18 21:53:25', '', 0),
(243, 2, 'H3', 'free', '2025-11-18 21:53:25', '2025-11-18 21:53:25', '', 0),
(244, 2, 'H4', 'free', '2025-11-18 21:53:25', '2025-11-18 21:53:25', '', 0),
(245, 2, 'H5', 'free', '2025-11-18 21:53:25', '2025-11-18 21:53:25', '', 0),
(246, 2, 'H6', 'free', '2025-11-18 21:53:25', '2025-11-18 21:53:25', '', 0),
(247, 2, 'H7', 'free', '2025-11-18 21:53:25', '2025-11-18 21:53:25', '', 0),
(248, 2, 'H8', 'free', '2025-11-18 21:53:25', '2025-11-18 21:53:25', '', 0),
(249, 2, 'H9', 'free', '2025-11-18 21:53:25', '2025-11-18 21:53:25', '', 0),
(250, 2, 'H10', 'free', '2025-11-18 21:53:25', '2025-11-18 21:53:25', '', 0),
(251, 2, 'H11', 'free', '2025-11-18 21:53:25', '2025-11-18 21:53:25', '', 0),
(252, 2, 'H12', 'free', '2025-11-18 21:53:25', '2025-11-18 21:53:25', '', 0),
(253, 2, 'H13', 'free', '2025-11-18 21:53:25', '2025-11-18 21:53:25', '', 0),
(254, 2, 'H14', 'free', '2025-11-18 21:53:25', '2025-11-18 21:53:25', '', 0),
(255, 2, 'H15', 'free', '2025-11-18 21:53:25', '2025-11-18 21:53:25', '', 0),
(256, 2, 'H16', 'free', '2025-11-18 21:53:25', '2025-11-18 21:53:25', '', 0),
(513, 4, 'A1', 'free', '2025-11-20 05:13:49', '2025-11-20 05:13:49', '', 0),
(514, 4, 'A2', 'free', '2025-11-20 05:13:49', '2025-11-20 05:13:49', '', 0),
(515, 4, 'A3', 'free', '2025-11-20 05:13:49', '2025-11-20 05:13:49', '', 0),
(516, 4, 'A4', 'free', '2025-11-20 05:13:49', '2025-11-20 05:13:49', '', 0),
(517, 4, 'A5', 'free', '2025-11-20 05:13:49', '2025-11-25 19:03:54', '', 0),
(518, 4, 'A6', 'free', '2025-11-20 05:13:49', '2025-11-20 05:13:49', '', 0),
(519, 4, 'A7', 'free', '2025-11-20 05:13:49', '2025-11-20 05:13:49', '', 0),
(520, 4, 'A8', 'free', '2025-11-20 05:13:49', '2025-11-25 19:03:54', '', 0),
(521, 4, 'A9', 'free', '2025-11-20 05:13:49', '2025-11-20 05:13:49', '', 0),
(522, 4, 'A10', 'free', '2025-11-20 05:13:49', '2025-11-20 05:13:49', '', 0),
(523, 4, 'A11', 'free', '2025-11-20 05:13:49', '2025-11-20 05:13:49', '', 0),
(524, 4, 'A12', 'free', '2025-11-20 05:13:49', '2025-11-25 19:03:54', '', 0),
(525, 4, 'A13', 'free', '2025-11-20 05:13:49', '2025-11-25 19:03:54', '', 0),
(526, 4, 'A14', 'free', '2025-11-20 05:13:49', '2025-11-20 05:13:49', '', 0),
(527, 4, 'A15', 'free', '2025-11-20 05:13:49', '2025-11-20 05:13:49', '', 0),
(528, 4, 'A16', 'free', '2025-11-20 05:13:49', '2025-11-20 05:13:49', '', 0),
(529, 4, 'B1', 'free', '2025-11-20 05:13:49', '2025-11-20 05:13:49', '', 0),
(530, 4, 'B2', 'free', '2025-11-20 05:13:49', '2025-11-20 05:13:49', '', 0),
(531, 4, 'B3', 'free', '2025-11-20 05:13:49', '2025-11-20 05:13:49', '', 0),
(532, 4, 'B4', 'free', '2025-11-20 05:13:49', '2025-11-20 05:13:49', '', 0),
(533, 4, 'B5', 'free', '2025-11-20 05:13:50', '2025-11-20 05:13:50', '', 0),
(534, 4, 'B6', 'free', '2025-11-20 05:13:50', '2025-11-20 05:13:50', '', 0),
(535, 4, 'B7', 'free', '2025-11-20 05:13:50', '2025-11-25 19:03:54', '', 0),
(536, 4, 'B8', 'free', '2025-11-20 05:13:50', '2025-11-25 19:03:54', '', 0),
(537, 4, 'B9', 'free', '2025-11-20 05:13:50', '2025-11-20 05:13:50', '', 0),
(538, 4, 'B10', 'free', '2025-11-20 05:13:50', '2025-11-25 19:03:54', '', 0),
(539, 4, 'B11', 'free', '2025-11-20 05:13:50', '2025-11-25 19:03:54', '', 0),
(540, 4, 'B12', 'free', '2025-11-20 05:13:50', '2025-11-25 19:03:54', '', 0),
(541, 4, 'B13', 'free', '2025-11-20 05:13:50', '2025-11-20 05:13:50', '', 0),
(542, 4, 'B14', 'free', '2025-11-20 05:13:50', '2025-11-25 19:03:54', '', 0),
(543, 4, 'B15', 'free', '2025-11-20 05:13:50', '2025-11-20 05:13:50', '', 0),
(544, 4, 'B16', 'free', '2025-11-20 05:13:50', '2025-11-20 05:13:50', '', 0),
(545, 4, 'C1', 'free', '2025-11-20 05:13:50', '2025-11-20 05:13:50', '', 0),
(546, 4, 'C2', 'free', '2025-11-20 05:13:50', '2025-11-25 19:03:54', '', 0),
(547, 4, 'C3', 'free', '2025-11-20 05:13:50', '2025-11-20 05:13:50', '', 0),
(548, 4, 'C4', 'free', '2025-11-20 05:13:50', '2025-11-20 05:13:50', '', 0),
(549, 4, 'C5', 'free', '2025-11-20 05:13:50', '2025-11-20 05:13:50', '', 0),
(550, 4, 'C6', 'free', '2025-11-20 05:13:50', '2025-11-20 05:13:50', '', 0),
(551, 4, 'C7', 'free', '2025-11-20 05:13:50', '2025-11-20 05:13:50', '', 0),
(552, 4, 'C8', 'free', '2025-11-20 05:13:50', '2025-11-20 05:13:50', '', 0),
(553, 4, 'C9', 'free', '2025-11-20 05:13:50', '2025-11-20 05:13:50', '', 0),
(554, 4, 'C10', 'free', '2025-11-20 05:13:50', '2025-11-25 19:03:54', '', 0),
(555, 4, 'C11', 'free', '2025-11-20 05:13:50', '2025-11-25 19:03:54', '', 0),
(556, 4, 'C12', 'free', '2025-11-20 05:13:50', '2025-11-20 05:13:50', '', 0),
(557, 4, 'C13', 'free', '2025-11-20 05:13:50', '2025-11-20 05:13:50', '', 0),
(558, 4, 'C14', 'free', '2025-11-20 05:13:50', '2025-11-20 05:13:50', '', 0),
(559, 4, 'C15', 'free', '2025-11-20 05:13:50', '2025-11-20 05:13:50', '', 0),
(560, 4, 'C16', 'free', '2025-11-20 05:13:50', '2025-11-25 19:03:54', '', 0),
(561, 4, 'D1', 'free', '2025-11-20 05:13:50', '2025-11-21 03:14:32', '', 0),
(562, 4, 'D2', 'free', '2025-11-20 05:13:50', '2025-11-21 03:14:32', '', 0),
(563, 4, 'D3', 'free', '2025-11-20 05:13:50', '2025-11-21 03:14:32', '', 0),
(564, 4, 'D4', 'free', '2025-11-20 05:13:50', '2025-11-21 03:14:32', '', 0),
(565, 4, 'D5', 'free', '2025-11-20 05:13:50', '2025-11-21 03:14:32', '', 0),
(566, 4, 'D6', 'free', '2025-11-20 05:13:50', '2025-11-21 03:14:45', '', 1),
(567, 4, 'D7', 'free', '2025-11-20 05:13:50', '2025-11-25 19:03:54', '', 1),
(568, 4, 'D8', 'free', '2025-11-20 05:13:50', '2025-11-21 03:14:45', '', 1),
(569, 4, 'D9', 'free', '2025-11-20 05:13:50', '2025-11-21 03:14:32', '', 0),
(570, 4, 'D10', 'free', '2025-11-20 05:13:50', '2025-11-25 19:03:54', '', 0),
(571, 4, 'D11', 'free', '2025-11-20 05:13:50', '2025-11-25 19:03:54', '', 0),
(572, 4, 'D12', 'free', '2025-11-20 05:13:50', '2025-11-21 03:14:32', '', 0),
(573, 4, 'D13', 'free', '2025-11-20 05:13:50', '2025-11-21 03:14:32', '', 0),
(574, 4, 'D14', 'free', '2025-11-20 05:13:50', '2025-11-25 19:03:54', '', 1),
(575, 4, 'D15', 'free', '2025-11-20 05:13:50', '2025-11-21 03:14:45', '', 1),
(576, 4, 'D16', 'free', '2025-11-20 05:13:50', '2025-11-21 03:14:45', '', 1),
(577, 4, 'E1', 'free', '2025-11-20 05:13:50', '2025-11-21 03:14:32', '', 0),
(578, 4, 'E2', 'free', '2025-11-20 05:13:50', '2025-11-21 03:14:32', '', 0),
(579, 4, 'E3', 'free', '2025-11-20 05:13:50', '2025-11-21 03:14:32', '', 0),
(580, 4, 'E4', 'free', '2025-11-20 05:13:50', '2025-11-21 03:14:32', '', 0),
(581, 4, 'E5', 'free', '2025-11-20 05:13:50', '2025-11-21 03:14:32', '', 0),
(582, 4, 'E6', 'free', '2025-11-20 05:13:50', '2025-11-21 03:14:45', '', 1),
(583, 4, 'E7', 'free', '2025-11-20 05:13:50', '2025-11-21 03:14:45', '', 1),
(584, 4, 'E8', 'free', '2025-11-20 05:13:50', '2025-11-21 03:14:45', '', 1),
(585, 4, 'E9', 'free', '2025-11-20 05:13:50', '2025-11-21 03:14:32', '', 0),
(586, 4, 'E10', 'free', '2025-11-20 05:13:50', '2025-11-25 19:03:54', '', 0),
(587, 4, 'E11', 'free', '2025-11-20 05:13:50', '2025-11-21 03:14:32', '', 0),
(588, 4, 'E12', 'free', '2025-11-20 05:13:50', '2025-11-21 03:14:32', '', 0),
(589, 4, 'E13', 'free', '2025-11-20 05:13:50', '2025-11-21 03:14:32', '', 0),
(590, 4, 'E14', 'free', '2025-11-20 05:13:50', '2025-11-21 03:14:45', '', 1),
(591, 4, 'E15', 'free', '2025-11-20 05:13:50', '2025-11-25 19:03:54', '', 1),
(592, 4, 'E16', 'free', '2025-11-20 05:13:50', '2025-11-21 03:14:45', '', 1),
(593, 4, 'F1', 'free', '2025-11-20 05:13:50', '2025-11-20 05:13:50', '', 0),
(594, 4, 'F2', 'free', '2025-11-20 05:13:50', '2025-11-20 05:13:50', '', 0),
(595, 4, 'F3', 'free', '2025-11-20 05:13:50', '2025-11-20 05:13:50', '', 0),
(596, 4, 'F4', 'free', '2025-11-20 05:13:50', '2025-11-20 05:13:50', '', 0),
(597, 4, 'F5', 'free', '2025-11-20 05:13:50', '2025-11-20 05:13:50', '', 0),
(598, 4, 'F6', 'free', '2025-11-20 05:13:50', '2025-11-20 05:13:50', '', 0),
(599, 4, 'F7', 'free', '2025-11-20 05:13:50', '2025-11-20 05:13:50', '', 0),
(600, 4, 'F8', 'free', '2025-11-20 05:13:50', '2025-11-20 05:13:50', '', 0),
(601, 4, 'F9', 'free', '2025-11-20 05:13:50', '2025-11-20 05:13:50', '', 0),
(602, 4, 'F10', 'free', '2025-11-20 05:13:50', '2025-11-20 05:13:50', '', 0),
(603, 4, 'F11', 'free', '2025-11-20 05:13:50', '2025-11-20 05:13:50', '', 0),
(604, 4, 'F12', 'free', '2025-11-20 05:13:50', '2025-11-20 05:13:50', '', 0),
(605, 4, 'F13', 'free', '2025-11-20 05:13:50', '2025-11-20 05:13:50', '', 0),
(606, 4, 'F14', 'free', '2025-11-20 05:13:50', '2025-11-20 05:13:50', '', 0),
(607, 4, 'F15', 'free', '2025-11-20 05:13:50', '2025-11-20 05:13:50', '', 0),
(608, 4, 'F16', 'free', '2025-11-20 05:13:50', '2025-11-20 05:13:50', '', 0),
(609, 4, 'G1', 'free', '2025-11-20 05:13:50', '2025-11-20 05:13:50', '', 0),
(610, 4, 'G2', 'free', '2025-11-20 05:13:50', '2025-11-20 05:13:50', '', 0),
(611, 4, 'G3', 'free', '2025-11-20 05:13:50', '2025-11-20 05:13:50', '', 0),
(612, 4, 'G4', 'free', '2025-11-20 05:13:50', '2025-11-20 05:13:50', '', 0),
(613, 4, 'G5', 'free', '2025-11-20 05:13:50', '2025-11-20 05:13:50', '', 0),
(614, 4, 'G6', 'free', '2025-11-20 05:13:50', '2025-11-20 05:13:50', '', 0),
(615, 4, 'G7', 'free', '2025-11-20 05:13:50', '2025-11-20 05:13:50', '', 0),
(616, 4, 'G8', 'free', '2025-11-20 05:13:50', '2025-11-20 05:13:50', '', 0),
(617, 4, 'G9', 'free', '2025-11-20 05:13:50', '2025-11-20 05:13:50', '', 0),
(618, 4, 'G10', 'free', '2025-11-20 05:13:50', '2025-11-20 05:13:50', '', 0),
(619, 4, 'G11', 'free', '2025-11-20 05:13:50', '2025-11-20 05:13:50', '', 0),
(620, 4, 'G12', 'free', '2025-11-20 05:13:50', '2025-11-20 05:13:50', '', 0),
(621, 4, 'G13', 'free', '2025-11-20 05:13:50', '2025-11-20 05:13:50', '', 0),
(622, 4, 'G14', 'free', '2025-11-20 05:13:50', '2025-11-20 05:13:50', '', 0),
(623, 4, 'G15', 'free', '2025-11-20 05:13:50', '2025-11-20 05:13:50', '', 0),
(624, 4, 'G16', 'free', '2025-11-20 05:13:50', '2025-11-20 05:13:50', '', 0),
(625, 4, 'H1', 'free', '2025-11-20 05:13:50', '2025-11-20 05:13:50', '', 0),
(626, 4, 'H2', 'free', '2025-11-20 05:13:50', '2025-11-20 05:13:50', '', 0),
(627, 4, 'H3', 'free', '2025-11-20 05:13:50', '2025-11-20 05:13:50', '', 0),
(628, 4, 'H4', 'free', '2025-11-20 05:13:50', '2025-11-20 05:13:50', '', 0),
(629, 4, 'H5', 'free', '2025-11-20 05:13:50', '2025-11-20 05:13:50', '', 0),
(630, 4, 'H6', 'free', '2025-11-20 05:13:50', '2025-11-25 19:03:54', '', 0),
(631, 4, 'H7', 'free', '2025-11-20 05:13:50', '2025-11-20 05:13:50', '', 0),
(632, 4, 'H8', 'free', '2025-11-20 05:13:50', '2025-11-20 05:13:50', '', 0),
(633, 4, 'H9', 'free', '2025-11-20 05:13:50', '2025-11-20 05:13:50', '', 0),
(634, 4, 'H10', 'free', '2025-11-20 05:13:50', '2025-11-20 05:13:50', '', 0),
(635, 4, 'H11', 'free', '2025-11-20 05:13:50', '2025-11-20 05:13:50', '', 0),
(636, 4, 'H12', 'free', '2025-11-20 05:13:50', '2025-11-20 05:13:50', '', 0),
(637, 4, 'H13', 'free', '2025-11-20 05:13:50', '2025-11-20 05:13:50', '', 0),
(638, 4, 'H14', 'free', '2025-11-20 05:13:50', '2025-11-20 05:13:50', '', 0),
(639, 4, 'H15', 'free', '2025-11-20 05:13:50', '2025-11-20 05:13:50', '', 0),
(640, 4, 'H16', 'free', '2025-11-20 05:13:50', '2025-11-20 05:13:50', '', 0),
(641, 1, 'A1', 'free', '2025-11-20 06:09:36', '2025-11-25 19:03:54', '', 0),
(642, 1, 'A2', 'free', '2025-11-20 06:09:36', '2025-11-20 06:09:36', '', 0),
(643, 1, 'A3', 'free', '2025-11-20 06:09:36', '2025-11-20 06:09:36', '', 0),
(644, 1, 'A4', 'free', '2025-11-20 06:09:36', '2025-11-20 06:09:36', '', 0),
(645, 1, 'A5', 'occupied', '2025-11-20 06:09:36', '2025-11-25 20:09:03', '', 0),
(646, 1, 'A6', 'free', '2025-11-20 06:09:36', '2025-11-20 06:09:36', '', 0),
(647, 1, 'A7', 'free', '2025-11-20 06:09:36', '2025-11-20 06:09:36', '', 0),
(648, 1, 'A8', 'free', '2025-11-20 06:09:36', '2025-11-25 19:03:54', '', 0),
(649, 1, 'A9', 'free', '2025-11-20 06:09:36', '2025-11-25 19:03:54', '', 0),
(650, 1, 'A10', 'free', '2025-11-20 06:09:36', '2025-11-25 19:03:54', '', 0),
(651, 1, 'A11', 'occupied', '2025-11-20 06:09:36', '2025-11-25 20:04:29', '', 0),
(652, 1, 'A12', 'occupied', '2025-11-20 06:09:36', '2025-11-25 20:04:29', '', 0),
(653, 1, 'A13', 'free', '2025-11-20 06:09:36', '2025-11-25 19:03:54', '', 0),
(654, 1, 'A14', 'free', '2025-11-20 06:09:36', '2025-11-20 06:09:36', '', 0),
(655, 1, 'A15', 'free', '2025-11-20 06:09:36', '2025-11-20 06:09:36', '', 0),
(656, 1, 'A16', 'free', '2025-11-20 06:09:36', '2025-11-20 06:09:36', '', 0),
(657, 1, 'B1', 'free', '2025-11-20 06:09:36', '2025-11-20 06:09:36', '', 0),
(658, 1, 'B2', 'free', '2025-11-20 06:09:36', '2025-11-20 06:09:36', '', 0),
(659, 1, 'B3', 'free', '2025-11-20 06:09:36', '2025-11-20 06:09:36', '', 0),
(660, 1, 'B4', 'occupied', '2025-11-20 06:09:36', '2025-11-25 20:09:25', '', 0),
(661, 1, 'B5', 'free', '2025-11-20 06:09:36', '2025-11-20 06:09:36', '', 0),
(662, 1, 'B6', 'free', '2025-11-20 06:09:36', '2025-11-25 19:03:54', '', 0),
(663, 1, 'B7', 'free', '2025-11-20 06:09:36', '2025-11-20 06:09:36', '', 0),
(664, 1, 'B8', 'free', '2025-11-20 06:09:36', '2025-11-25 19:03:54', '', 0),
(665, 1, 'B9', 'free', '2025-11-20 06:09:36', '2025-11-25 19:03:54', '', 0),
(666, 1, 'B10', 'free', '2025-11-20 06:09:36', '2025-11-25 19:03:54', '', 0),
(667, 1, 'B11', 'free', '2025-11-20 06:09:36', '2025-11-20 06:09:36', '', 0),
(668, 1, 'B12', 'free', '2025-11-20 06:09:36', '2025-11-25 19:03:54', '', 0),
(669, 1, 'B13', 'free', '2025-11-20 06:09:36', '2025-11-20 06:09:36', '', 0),
(670, 1, 'B14', 'free', '2025-11-20 06:09:36', '2025-11-25 19:03:54', '', 0),
(671, 1, 'B15', 'free', '2025-11-20 06:09:36', '2025-11-20 06:09:36', '', 0),
(672, 1, 'B16', 'free', '2025-11-20 06:09:36', '2025-11-20 06:09:36', '', 0),
(673, 1, 'C1', 'free', '2025-11-20 06:09:36', '2025-11-25 19:03:54', '', 0),
(674, 1, 'C2', 'free', '2025-11-20 06:09:36', '2025-11-20 06:09:36', '', 0),
(675, 1, 'C3', 'free', '2025-11-20 06:09:36', '2025-11-20 06:09:36', '', 0),
(676, 1, 'C4', 'free', '2025-11-20 06:09:36', '2025-11-20 06:09:36', '', 0),
(677, 1, 'C5', 'free', '2025-11-20 06:09:36', '2025-11-20 06:09:36', '', 0),
(678, 1, 'C6', 'free', '2025-11-20 06:09:36', '2025-11-25 19:03:54', '', 0),
(679, 1, 'C7', 'free', '2025-11-20 06:09:36', '2025-11-20 06:09:36', '', 0),
(680, 1, 'C8', 'free', '2025-11-20 06:09:36', '2025-11-25 19:03:54', '', 0),
(681, 1, 'C9', 'free', '2025-11-20 06:09:36', '2025-11-25 19:03:54', '', 0),
(682, 1, 'C10', 'free', '2025-11-20 06:09:36', '2025-11-25 19:03:54', '', 0),
(683, 1, 'C11', 'free', '2025-11-20 06:09:36', '2025-11-20 06:09:36', '', 0),
(684, 1, 'C12', 'free', '2025-11-20 06:09:36', '2025-11-20 06:09:36', '', 0),
(685, 1, 'C13', 'free', '2025-11-20 06:09:36', '2025-11-20 06:09:36', '', 0),
(686, 1, 'C14', 'free', '2025-11-20 06:09:36', '2025-11-25 19:03:54', '', 0),
(687, 1, 'C15', 'free', '2025-11-20 06:09:36', '2025-11-20 06:09:36', '', 0),
(688, 1, 'C16', 'free', '2025-11-20 06:09:36', '2025-11-20 06:09:36', '', 0),
(689, 1, 'D1', 'free', '2025-11-20 06:09:36', '2025-11-21 03:14:32', '', 0),
(690, 1, 'D2', 'free', '2025-11-20 06:09:36', '2025-11-21 03:14:32', '', 0),
(691, 1, 'D3', 'free', '2025-11-20 06:09:36', '2025-11-21 03:14:32', '', 0),
(692, 1, 'D4', 'free', '2025-11-20 06:09:36', '2025-11-21 03:14:32', '', 0),
(693, 1, 'D5', 'free', '2025-11-20 06:09:36', '2025-11-21 03:14:32', '', 0),
(694, 1, 'D6', 'free', '2025-11-20 06:09:36', '2025-11-21 03:14:45', '', 1),
(695, 1, 'D7', 'free', '2025-11-20 06:09:36', '2025-11-25 19:03:54', '', 1),
(696, 1, 'D8', 'free', '2025-11-20 06:09:36', '2025-11-21 03:14:45', '', 1),
(697, 1, 'D9', 'free', '2025-11-20 06:09:36', '2025-11-25 19:03:54', '', 0),
(698, 1, 'D10', 'free', '2025-11-20 06:09:36', '2025-11-25 19:03:54', '', 0),
(699, 1, 'D11', 'free', '2025-11-20 06:09:36', '2025-11-21 03:14:32', '', 0),
(700, 1, 'D12', 'occupied', '2025-11-20 06:09:36', '2025-11-25 20:05:36', '', 0),
(701, 1, 'D13', 'occupied', '2025-11-20 06:09:36', '2025-11-25 20:05:36', '', 0),
(702, 1, 'D14', 'free', '2025-11-20 06:09:36', '2025-11-21 03:14:45', '', 1),
(703, 1, 'D15', 'free', '2025-11-20 06:09:36', '2025-11-21 03:14:45', '', 1),
(704, 1, 'D16', 'free', '2025-11-20 06:09:36', '2025-11-21 03:14:45', '', 1),
(705, 1, 'E1', 'free', '2025-11-20 06:09:36', '2025-11-21 03:14:32', '', 0),
(706, 1, 'E2', 'free', '2025-11-20 06:09:36', '2025-11-21 03:14:32', '', 0),
(707, 1, 'E3', 'free', '2025-11-20 06:09:36', '2025-11-21 03:14:32', '', 0),
(708, 1, 'E4', 'free', '2025-11-20 06:09:36', '2025-11-21 03:14:32', '', 0),
(709, 1, 'E5', 'free', '2025-11-20 06:09:36', '2025-11-21 03:14:32', '', 0),
(710, 1, 'E6', 'free', '2025-11-20 06:09:36', '2025-11-21 03:14:45', '', 1),
(711, 1, 'E7', 'free', '2025-11-20 06:09:36', '2025-11-21 03:14:45', '', 1),
(712, 1, 'E8', 'free', '2025-11-20 06:09:36', '2025-11-21 03:14:45', '', 1),
(713, 1, 'E9', 'free', '2025-11-20 06:09:36', '2025-11-21 03:14:32', '', 0),
(714, 1, 'E10', 'free', '2025-11-20 06:09:36', '2025-11-21 03:14:32', '', 0),
(715, 1, 'E11', 'free', '2025-11-20 06:09:36', '2025-11-21 03:14:32', '', 0),
(716, 1, 'E12', 'free', '2025-11-20 06:09:36', '2025-11-21 03:14:32', '', 0),
(717, 1, 'E13', 'free', '2025-11-20 06:09:36', '2025-11-21 03:14:32', '', 0),
(718, 1, 'E14', 'free', '2025-11-20 06:09:36', '2025-11-21 03:14:45', '', 1),
(719, 1, 'E15', 'free', '2025-11-20 06:09:36', '2025-11-25 19:03:54', '', 1),
(720, 1, 'E16', 'free', '2025-11-20 06:09:36', '2025-11-21 03:14:45', '', 1),
(721, 1, 'F1', 'free', '2025-11-20 06:09:36', '2025-11-25 19:03:54', '', 0),
(722, 1, 'F2', 'free', '2025-11-20 06:09:36', '2025-11-20 06:09:36', '', 0),
(723, 1, 'F3', 'free', '2025-11-20 06:09:36', '2025-11-20 06:09:36', '', 0),
(724, 1, 'F4', 'free', '2025-11-20 06:09:36', '2025-11-20 06:09:36', '', 0),
(725, 1, 'F5', 'free', '2025-11-20 06:09:36', '2025-11-20 06:09:36', '', 0),
(726, 1, 'F6', 'free', '2025-11-20 06:09:36', '2025-11-25 19:03:54', '', 0),
(727, 1, 'F7', 'free', '2025-11-20 06:09:36', '2025-11-20 06:09:36', '', 0),
(728, 1, 'F8', 'free', '2025-11-20 06:09:36', '2025-11-20 06:09:36', '', 0),
(729, 1, 'F9', 'free', '2025-11-20 06:09:36', '2025-11-20 06:09:36', '', 0),
(730, 1, 'F10', 'free', '2025-11-20 06:09:36', '2025-11-20 06:09:36', '', 0),
(731, 1, 'F11', 'free', '2025-11-20 06:09:36', '2025-11-20 06:09:36', '', 0),
(732, 1, 'F12', 'free', '2025-11-20 06:09:36', '2025-11-25 19:03:54', '', 0),
(733, 1, 'F13', 'free', '2025-11-20 06:09:36', '2025-11-25 19:03:54', '', 0),
(734, 1, 'F14', 'free', '2025-11-20 06:09:36', '2025-11-20 06:09:36', '', 0),
(735, 1, 'F15', 'free', '2025-11-20 06:09:36', '2025-11-20 06:09:36', '', 0),
(736, 1, 'F16', 'free', '2025-11-20 06:09:36', '2025-11-20 06:09:36', '', 0),
(737, 1, 'G1', 'free', '2025-11-20 06:09:36', '2025-11-25 19:03:54', '', 0),
(738, 1, 'G2', 'free', '2025-11-20 06:09:36', '2025-11-20 06:09:36', '', 0),
(739, 1, 'G3', 'free', '2025-11-20 06:09:36', '2025-11-20 06:09:36', '', 0),
(740, 1, 'G4', 'free', '2025-11-20 06:09:36', '2025-11-20 06:09:36', '', 0),
(741, 1, 'G5', 'free', '2025-11-20 06:09:36', '2025-11-20 06:09:36', '', 0),
(742, 1, 'G6', 'free', '2025-11-20 06:09:36', '2025-11-20 06:09:36', '', 0),
(743, 1, 'G7', 'free', '2025-11-20 06:09:36', '2025-11-20 06:09:36', '', 0),
(744, 1, 'G8', 'free', '2025-11-20 06:09:36', '2025-11-20 06:09:36', '', 0),
(745, 1, 'G9', 'free', '2025-11-20 06:09:36', '2025-11-20 06:09:36', '', 0),
(746, 1, 'G10', 'free', '2025-11-20 06:09:36', '2025-11-20 06:09:36', '', 0),
(747, 1, 'G11', 'free', '2025-11-20 06:09:36', '2025-11-20 06:09:36', '', 0),
(748, 1, 'G12', 'free', '2025-11-20 06:09:36', '2025-11-20 06:09:36', '', 0),
(749, 1, 'G13', 'free', '2025-11-20 06:09:36', '2025-11-20 06:09:36', '', 0),
(750, 1, 'G14', 'free', '2025-11-20 06:09:36', '2025-11-20 06:09:36', '', 0),
(751, 1, 'G15', 'free', '2025-11-20 06:09:36', '2025-11-20 06:09:36', '', 0),
(752, 1, 'G16', 'free', '2025-11-20 06:09:36', '2025-11-20 06:09:36', '', 0),
(753, 1, 'H1', 'free', '2025-11-20 06:09:36', '2025-11-20 06:09:36', '', 0),
(754, 1, 'H2', 'free', '2025-11-20 06:09:36', '2025-11-20 06:09:36', '', 0),
(755, 1, 'H3', 'free', '2025-11-20 06:09:36', '2025-11-20 06:09:36', '', 0),
(756, 1, 'H4', 'free', '2025-11-20 06:09:36', '2025-11-20 06:09:36', '', 0),
(757, 1, 'H5', 'free', '2025-11-20 06:09:36', '2025-11-20 06:09:36', '', 0),
(758, 1, 'H6', 'free', '2025-11-20 06:09:36', '2025-11-25 19:03:54', '', 0),
(759, 1, 'H7', 'free', '2025-11-20 06:09:36', '2025-11-20 06:09:36', '', 0),
(760, 1, 'H8', 'free', '2025-11-20 06:09:36', '2025-11-20 06:09:36', '', 0),
(761, 1, 'H9', 'free', '2025-11-20 06:09:36', '2025-11-20 06:09:36', '', 0),
(762, 1, 'H10', 'free', '2025-11-20 06:09:36', '2025-11-20 06:09:36', '', 0),
(763, 1, 'H11', 'free', '2025-11-20 06:09:36', '2025-11-20 06:09:36', '', 0),
(764, 1, 'H12', 'free', '2025-11-20 06:09:36', '2025-11-20 06:09:36', '', 0),
(765, 1, 'H13', 'free', '2025-11-20 06:09:36', '2025-11-20 06:09:36', '', 0),
(766, 1, 'H14', 'free', '2025-11-20 06:09:36', '2025-11-20 06:09:36', '', 0),
(767, 1, 'H15', 'free', '2025-11-20 06:09:36', '2025-11-20 06:09:36', '', 0),
(768, 1, 'H16', 'free', '2025-11-20 06:09:36', '2025-11-20 06:09:36', '', 0),
(1152, 12, 'A1', 'free', '2025-11-24 19:14:44', '2025-11-24 19:14:44', 'A1', 0),
(1153, 12, 'B1', 'free', '2025-11-24 19:14:44', '2025-11-24 19:14:44', 'B1', 0),
(1154, 12, 'C1', 'free', '2025-11-24 19:14:44', '2025-11-24 19:14:44', 'C1', 0),
(1155, 12, 'D1', 'free', '2025-11-24 19:14:44', '2025-11-24 19:14:44', 'D1', 0),
(1156, 12, 'E1', 'free', '2025-11-24 19:14:44', '2025-11-24 19:14:44', 'E1', 0),
(1157, 12, 'F1', 'free', '2025-11-24 19:14:44', '2025-11-24 19:14:44', 'F1', 0),
(1158, 12, 'G1', 'free', '2025-11-24 19:14:44', '2025-11-24 19:14:44', 'G1', 0),
(1159, 12, 'H1', 'free', '2025-11-24 19:14:44', '2025-11-24 19:14:44', 'H1', 0),
(1160, 12, 'A2', 'free', '2025-11-24 19:14:44', '2025-11-24 19:14:44', 'A2', 0),
(1161, 12, 'B2', 'free', '2025-11-24 19:14:44', '2025-11-24 19:14:44', 'B2', 0),
(1162, 12, 'C2', 'free', '2025-11-24 19:14:44', '2025-11-24 19:14:44', 'C2', 0),
(1163, 12, 'D2', 'free', '2025-11-24 19:14:44', '2025-11-24 19:14:44', 'D2', 0),
(1164, 12, 'E2', 'free', '2025-11-24 19:14:44', '2025-11-24 19:14:44', 'E2', 0),
(1165, 12, 'F2', 'free', '2025-11-24 19:14:44', '2025-11-24 19:14:44', 'F2', 0),
(1166, 12, 'G2', 'free', '2025-11-24 19:14:44', '2025-11-24 19:14:44', 'G2', 0),
(1167, 12, 'H2', 'free', '2025-11-24 19:14:44', '2025-11-24 19:14:44', 'H2', 0),
(1168, 12, 'A3', 'free', '2025-11-24 19:14:44', '2025-11-24 19:14:44', 'A3', 0),
(1169, 12, 'B3', 'free', '2025-11-24 19:14:44', '2025-11-24 19:14:44', 'B3', 0),
(1170, 12, 'C3', 'free', '2025-11-24 19:14:44', '2025-11-24 19:14:44', 'C3', 0),
(1171, 12, 'D3', 'free', '2025-11-24 19:14:44', '2025-11-24 19:14:44', 'D3', 0),
(1172, 12, 'E3', 'free', '2025-11-24 19:14:44', '2025-11-24 19:14:44', 'E3', 0),
(1173, 12, 'F3', 'free', '2025-11-24 19:14:44', '2025-11-24 19:14:44', 'F3', 0),
(1174, 12, 'G3', 'free', '2025-11-24 19:14:44', '2025-11-24 19:14:44', 'G3', 0),
(1175, 12, 'H3', 'free', '2025-11-24 19:14:44', '2025-11-24 19:14:44', 'H3', 0),
(1176, 12, 'A4', 'occupied', '2025-11-24 19:14:44', '2025-11-25 20:01:55', 'A4', 0),
(1177, 12, 'B4', 'free', '2025-11-24 19:14:44', '2025-11-24 19:14:44', 'B4', 0),
(1178, 12, 'C4', 'free', '2025-11-24 19:14:44', '2025-11-24 19:14:44', 'C4', 0),
(1179, 12, 'D4', 'free', '2025-11-24 19:14:44', '2025-11-24 19:14:44', 'D4', 0),
(1180, 12, 'E4', 'free', '2025-11-24 19:14:44', '2025-11-24 19:14:44', 'E4', 0),
(1181, 12, 'F4', 'free', '2025-11-24 19:14:44', '2025-11-24 19:14:44', 'F4', 0),
(1182, 12, 'G4', 'free', '2025-11-24 19:14:44', '2025-11-24 19:14:44', 'G4', 0),
(1183, 12, 'H4', 'free', '2025-11-24 19:14:44', '2025-11-24 19:14:44', 'H4', 0),
(1184, 12, 'A5', 'free', '2025-11-24 19:14:44', '2025-11-24 19:14:44', 'A5', 0),
(1185, 12, 'B5', 'free', '2025-11-24 19:14:44', '2025-11-24 19:14:44', 'B5', 0),
(1186, 12, 'C5', 'free', '2025-11-24 19:14:44', '2025-11-24 19:14:44', 'C5', 0),
(1187, 12, 'D5', 'free', '2025-11-24 19:14:44', '2025-11-24 19:14:44', 'D5', 0),
(1188, 12, 'E5', 'free', '2025-11-24 19:14:44', '2025-11-24 19:14:44', 'E5', 0),
(1189, 12, 'F5', 'free', '2025-11-24 19:14:44', '2025-11-24 19:14:44', 'F5', 0),
(1190, 12, 'G5', 'free', '2025-11-24 19:14:44', '2025-11-24 19:14:44', 'G5', 0),
(1191, 12, 'H5', 'free', '2025-11-24 19:14:44', '2025-11-24 19:14:44', 'H5', 0),
(1192, 12, 'A6', 'free', '2025-11-24 19:14:44', '2025-11-24 19:14:44', 'A6', 0),
(1193, 12, 'B6', 'free', '2025-11-24 19:14:44', '2025-11-24 19:14:44', 'B6', 0),
(1194, 12, 'C6', 'free', '2025-11-24 19:14:44', '2025-11-24 19:14:44', 'C6', 0),
(1195, 12, 'D6', 'free', '2025-11-24 19:14:44', '2025-11-25 19:03:54', 'D6', 1),
(1196, 12, 'E6', 'free', '2025-11-24 19:14:44', '2025-11-24 19:27:08', 'E6', 1),
(1197, 12, 'F6', 'free', '2025-11-24 19:14:44', '2025-11-24 19:14:44', 'F6', 0),
(1198, 12, 'G6', 'free', '2025-11-24 19:14:44', '2025-11-24 19:14:44', 'G6', 0),
(1199, 12, 'H6', 'free', '2025-11-24 19:14:44', '2025-11-24 19:14:44', 'H6', 0),
(1200, 12, 'A7', 'free', '2025-11-24 19:14:44', '2025-11-24 19:14:44', 'A7', 0),
(1201, 12, 'B7', 'free', '2025-11-24 19:14:44', '2025-11-24 19:14:44', 'B7', 0),
(1202, 12, 'C7', 'free', '2025-11-24 19:14:44', '2025-11-24 19:14:44', 'C7', 0),
(1203, 12, 'D7', 'free', '2025-11-24 19:14:44', '2025-11-24 19:27:08', 'D7', 1),
(1204, 12, 'E7', 'free', '2025-11-24 19:14:44', '2025-11-24 19:27:08', 'E7', 1),
(1205, 12, 'F7', 'free', '2025-11-24 19:14:44', '2025-11-24 19:14:44', 'F7', 0),
(1206, 12, 'G7', 'free', '2025-11-24 19:14:44', '2025-11-24 19:14:44', 'G7', 0),
(1207, 12, 'H7', 'free', '2025-11-24 19:14:44', '2025-11-24 19:14:44', 'H7', 0),
(1208, 12, 'A8', 'free', '2025-11-24 19:14:44', '2025-11-25 19:03:54', 'A8', 0),
(1209, 12, 'B8', 'free', '2025-11-24 19:14:44', '2025-11-24 19:14:44', 'B8', 0),
(1210, 12, 'C8', 'free', '2025-11-24 19:14:44', '2025-11-24 19:14:44', 'C8', 0),
(1211, 12, 'D8', 'free', '2025-11-24 19:14:44', '2025-11-24 19:27:08', 'D8', 1),
(1212, 12, 'E8', 'free', '2025-11-24 19:14:44', '2025-11-24 19:27:08', 'E8', 1),
(1213, 12, 'F8', 'free', '2025-11-24 19:14:44', '2025-11-24 19:14:44', 'F8', 0),
(1214, 12, 'G8', 'free', '2025-11-24 19:14:44', '2025-11-24 19:14:44', 'G8', 0),
(1215, 12, 'H8', 'free', '2025-11-24 19:14:44', '2025-11-24 19:14:44', 'H8', 0),
(1216, 12, 'A9', 'free', '2025-11-24 19:14:44', '2025-11-24 19:14:44', 'A9', 0),
(1217, 12, 'B9', 'free', '2025-11-24 19:14:44', '2025-11-24 19:14:44', 'B9', 0),
(1218, 12, 'C9', 'free', '2025-11-24 19:14:44', '2025-11-24 19:14:44', 'C9', 0),
(1219, 12, 'D9', 'free', '2025-11-24 19:14:44', '2025-11-24 19:14:44', 'D9', 0),
(1220, 12, 'E9', 'free', '2025-11-24 19:14:44', '2025-11-24 19:14:44', 'E9', 0),
(1221, 12, 'F9', 'free', '2025-11-24 19:14:44', '2025-11-24 19:14:44', 'F9', 0),
(1222, 12, 'G9', 'free', '2025-11-24 19:14:44', '2025-11-24 19:14:44', 'G9', 0),
(1223, 12, 'H9', 'free', '2025-11-24 19:14:44', '2025-11-24 19:14:44', 'H9', 0),
(1224, 12, 'A10', 'free', '2025-11-24 19:14:44', '2025-11-24 19:14:44', 'A10', 0),
(1225, 12, 'B10', 'free', '2025-11-24 19:14:44', '2025-11-25 19:03:54', 'B10', 0),
(1226, 12, 'C10', 'free', '2025-11-24 19:14:44', '2025-11-24 19:14:44', 'C10', 0),
(1227, 12, 'D10', 'free', '2025-11-24 19:14:44', '2025-11-24 19:14:44', 'D10', 0),
(1228, 12, 'E10', 'free', '2025-11-24 19:14:44', '2025-11-24 19:14:44', 'E10', 0),
(1229, 12, 'F10', 'free', '2025-11-24 19:14:44', '2025-11-24 19:14:44', 'F10', 0),
(1230, 12, 'G10', 'free', '2025-11-24 19:14:44', '2025-11-24 19:14:44', 'G10', 0),
(1231, 12, 'H10', 'free', '2025-11-24 19:14:44', '2025-11-24 19:14:44', 'H10', 0),
(1232, 12, 'A11', 'free', '2025-11-24 19:14:44', '2025-11-25 19:11:13', 'A11', 0),
(1233, 12, 'B11', 'free', '2025-11-24 19:14:44', '2025-11-24 19:14:44', 'B11', 0),
(1234, 12, 'C11', 'occupied', '2025-11-24 19:14:44', '2025-11-25 20:05:14', 'C11', 0),
(1235, 12, 'D11', 'free', '2025-11-24 19:14:44', '2025-11-24 19:14:44', 'D11', 0),
(1236, 12, 'E11', 'free', '2025-11-24 19:14:44', '2025-11-24 19:14:44', 'E11', 0),
(1237, 12, 'F11', 'free', '2025-11-24 19:14:44', '2025-11-24 19:14:44', 'F11', 0),
(1238, 12, 'G11', 'free', '2025-11-24 19:14:44', '2025-11-24 19:14:44', 'G11', 0),
(1239, 12, 'H11', 'free', '2025-11-24 19:14:44', '2025-11-24 19:14:44', 'H11', 0),
(1240, 12, 'A12', 'occupied', '2025-11-24 19:14:44', '2025-11-25 20:01:33', 'A12', 0),
(1241, 12, 'B12', 'occupied', '2025-11-24 19:14:44', '2025-11-25 19:11:38', 'B12', 0),
(1242, 12, 'C12', 'free', '2025-11-24 19:14:44', '2025-11-24 19:14:44', 'C12', 0),
(1243, 12, 'D12', 'free', '2025-11-24 19:14:44', '2025-11-24 19:14:44', 'D12', 0),
(1244, 12, 'E12', 'free', '2025-11-24 19:14:44', '2025-11-24 19:14:44', 'E12', 0),
(1245, 12, 'F12', 'free', '2025-11-24 19:14:44', '2025-11-24 19:14:44', 'F12', 0),
(1246, 12, 'G12', 'free', '2025-11-24 19:14:44', '2025-11-24 19:14:44', 'G12', 0),
(1247, 12, 'H12', 'free', '2025-11-24 19:14:44', '2025-11-24 19:14:44', 'H12', 0),
(1248, 12, 'A13', 'free', '2025-11-24 19:14:44', '2025-11-25 19:03:54', 'A13', 0),
(1249, 12, 'B13', 'occupied', '2025-11-24 19:14:44', '2025-11-25 19:11:38', 'B13', 0),
(1250, 12, 'C13', 'free', '2025-11-24 19:14:44', '2025-11-24 19:14:44', 'C13', 0),
(1251, 12, 'D13', 'free', '2025-11-24 19:14:44', '2025-11-24 19:14:44', 'D13', 0),
(1252, 12, 'E13', 'free', '2025-11-24 19:14:44', '2025-11-24 19:14:44', 'E13', 0),
(1253, 12, 'F13', 'free', '2025-11-24 19:14:44', '2025-11-24 19:14:44', 'F13', 0),
(1254, 12, 'G13', 'free', '2025-11-24 19:14:44', '2025-11-24 19:14:44', 'G13', 0),
(1255, 12, 'H13', 'free', '2025-11-24 19:14:44', '2025-11-24 19:14:44', 'H13', 0),
(1256, 12, 'A14', 'free', '2025-11-24 19:14:44', '2025-11-24 19:14:44', 'A14', 0),
(1257, 12, 'B14', 'free', '2025-11-24 19:14:44', '2025-11-24 19:14:44', 'B14', 0),
(1258, 12, 'C14', 'free', '2025-11-24 19:14:44', '2025-11-24 19:14:44', 'C14', 0),
(1259, 12, 'D14', 'free', '2025-11-24 19:14:44', '2025-11-24 19:27:08', 'D14', 1),
(1260, 12, 'E14', 'free', '2025-11-24 19:14:44', '2025-11-24 19:27:08', 'E14', 1),
(1261, 12, 'F14', 'free', '2025-11-24 19:14:44', '2025-11-24 19:14:44', 'F14', 0),
(1262, 12, 'G14', 'free', '2025-11-24 19:14:44', '2025-11-24 19:14:44', 'G14', 0),
(1263, 12, 'H14', 'free', '2025-11-24 19:14:44', '2025-11-24 19:14:44', 'H14', 0),
(1264, 12, 'A15', 'free', '2025-11-24 19:14:44', '2025-11-24 19:14:44', 'A15', 0),
(1265, 12, 'B15', 'free', '2025-11-24 19:14:44', '2025-11-24 19:14:44', 'B15', 0),
(1266, 12, 'C15', 'free', '2025-11-24 19:14:44', '2025-11-24 19:14:44', 'C15', 0),
(1267, 12, 'D15', 'free', '2025-11-24 19:14:44', '2025-11-24 19:27:08', 'D15', 1),
(1268, 12, 'E15', 'free', '2025-11-24 19:14:44', '2025-11-24 19:27:08', 'E15', 1),
(1269, 12, 'F15', 'free', '2025-11-24 19:14:44', '2025-11-24 19:14:44', 'F15', 0),
(1270, 12, 'G15', 'free', '2025-11-24 19:14:44', '2025-11-24 19:14:44', 'G15', 0),
(1271, 12, 'H15', 'free', '2025-11-24 19:14:44', '2025-11-24 19:14:44', 'H15', 0),
(1272, 12, 'A16', 'free', '2025-11-24 19:14:44', '2025-11-24 19:14:44', 'A16', 0),
(1273, 12, 'B16', 'free', '2025-11-24 19:14:44', '2025-11-24 19:14:44', 'B16', 0),
(1274, 12, 'C16', 'free', '2025-11-24 19:14:44', '2025-11-24 19:14:44', 'C16', 0),
(1275, 12, 'D16', 'free', '2025-11-24 19:14:44', '2025-11-24 19:27:08', 'D16', 1),
(1276, 12, 'E16', 'free', '2025-11-24 19:14:44', '2025-11-24 19:27:08', 'E16', 1),
(1277, 12, 'F16', 'free', '2025-11-24 19:14:44', '2025-11-24 19:14:44', 'F16', 0),
(1278, 12, 'G16', 'free', '2025-11-24 19:14:44', '2025-11-24 19:14:44', 'G16', 0),
(1279, 12, 'H16', 'free', '2025-11-24 19:14:44', '2025-11-24 19:14:44', 'H16', 0);

-- --------------------------------------------------------

--
-- Estructura de tabla para la tabla `tickets`
--

CREATE TABLE `tickets` (
  `id` int(11) NOT NULL,
  `screening_id` int(11) NOT NULL,
  `seat_code` varchar(10) NOT NULL,
  `sale_id` int(11) NOT NULL,
  `created_at` datetime DEFAULT NULL,
  `user_id` int(11) DEFAULT NULL,
  `seat` varchar(10) DEFAULT NULL,
  `price` decimal(10,2) NOT NULL DEFAULT 0.00,
  `client_id` int(11) DEFAULT NULL,
  `status` enum('paid','cancelled') NOT NULL DEFAULT 'paid',
  `purchased_at` timestamp NOT NULL DEFAULT current_timestamp()
) ENGINE=InnoDB DEFAULT CHARSET=utf8mb4 COLLATE=utf8mb4_unicode_ci;

--
-- Volcado de datos para la tabla `tickets`
--

INSERT INTO `tickets` (`id`, `screening_id`, `seat_code`, `sale_id`, `created_at`, `user_id`, `seat`, `price`, `client_id`, `status`, `purchased_at`) VALUES
(61, 12, '', 0, NULL, NULL, 'B12', 9000.00, NULL, 'paid', '2025-11-25 19:11:38'),
(62, 12, '', 0, NULL, NULL, 'B13', 9000.00, NULL, 'paid', '2025-11-25 19:11:38'),
(63, 5, '', 0, NULL, NULL, 'A12', 9000.00, NULL, 'paid', '2025-11-25 20:00:35'),
(64, 5, '', 0, NULL, NULL, 'A13', 9000.00, NULL, 'paid', '2025-11-25 20:00:35'),
(65, 12, '', 0, NULL, NULL, 'A12', 12060.00, NULL, 'paid', '2025-11-25 20:01:33'),
(66, 12, '', 0, NULL, NULL, 'A4', 15600.00, NULL, 'paid', '2025-11-25 20:01:55'),
(67, 1, '', 0, NULL, 14, 'A11', 9000.00, NULL, 'paid', '2025-11-25 20:04:29'),
(68, 1, '', 0, NULL, 14, 'A12', 9000.00, NULL, 'paid', '2025-11-25 20:04:29'),
(69, 12, '', 0, NULL, 14, 'C11', 12060.00, NULL, 'paid', '2025-11-25 20:05:14'),
(70, 1, '', 0, NULL, 14, 'D12', 15900.00, NULL, 'paid', '2025-11-25 20:05:36'),
(71, 1, '', 0, NULL, 14, 'D13', 15900.00, NULL, 'paid', '2025-11-25 20:05:36'),
(72, 1, '', 0, NULL, 15, 'A5', 18000.00, NULL, 'paid', '2025-11-25 20:09:03'),
(73, 1, 'B4', 29, '2025-11-25 15:09:25', NULL, NULL, 0.00, NULL, 'paid', '2025-11-25 20:09:25');

-- --------------------------------------------------------

--
-- Estructura de tabla para la tabla `users`
--

CREATE TABLE `users` (
  `id` int(11) NOT NULL,
  `name` varchar(100) NOT NULL,
  `email` varchar(120) NOT NULL,
  `password_hash` varchar(255) NOT NULL,
  `role` enum('admin','cashier','user') DEFAULT 'user',
  `created_at` timestamp NOT NULL DEFAULT current_timestamp(),
  `last_login_at` datetime DEFAULT NULL,
  `last_access` datetime DEFAULT NULL
) ENGINE=InnoDB DEFAULT CHARSET=utf8mb4 COLLATE=utf8mb4_unicode_ci;

--
-- Volcado de datos para la tabla `users`
--

INSERT INTO `users` (`id`, `name`, `email`, `password_hash`, `role`, `created_at`, `last_login_at`, `last_access`) VALUES
(5, 'Maria', 'maria@gmail.com', '$2y$10$.K52z5cZL/xk10Vcf2lRIOMiVvRZhhKYhdGBuJhM/az1lN4QF.jK2', 'user', '2025-11-15 19:30:43', '2025-11-20 01:17:09', '2025-11-25 14:02:11'),
(9, 'Administrador', 'admin@premier.com', '$2y$10$EV34zUMm47oLhMn7OHvOluIO92wIWaqfcQTKuOxHv4RayHga7plr2', 'admin', '2025-11-19 20:07:23', '2025-11-25 15:11:03', '2025-11-25 15:11:03'),
(11, 'Sofia', 'Sofia@gmail.com', '$2y$10$KZhlcrsMrTOUs6eu/4WRc.4n14jVZf/kWX1f/JIuZFMtSPgNkPtpG', 'cashier', '2025-11-20 04:53:11', '2025-11-20 01:18:39', '2025-11-25 13:57:09'),
(14, 'Edgar Morillo', 'edgar@gmail.com', '$2y$10$Uwj/I1jctujxv2NlyI2fc.WtH4Cme5uELvhoJGXL2j882vF4hCCRm', 'user', '2025-11-25 20:03:33', '2025-11-25 15:11:24', '2025-11-25 15:11:24'),
(15, 'Cajero', 'Cajero@premier.com', '$2y$10$mUB2NjVbk2OvMtbZ9Ykei.nDO/tpahWuVLhHqk6wPBeUFVp/toSM6', 'cashier', '2025-11-25 20:07:40', '2025-11-25 15:08:34', '2025-11-25 15:08:34');

-- --------------------------------------------------------

--
-- Estructura de tabla para la tabla `ventas`
--

CREATE TABLE `ventas` (
  `id` int(11) NOT NULL,
  `reserva_id` int(11) NOT NULL,
  `total` decimal(10,2) NOT NULL DEFAULT 0.00,
  `created_at` timestamp NOT NULL DEFAULT current_timestamp()
) ENGINE=InnoDB DEFAULT CHARSET=utf8mb4 COLLATE=utf8mb4_general_ci;

--
-- Volcado de datos para la tabla `ventas`
--

INSERT INTO `ventas` (`id`, `reserva_id`, `total`, `created_at`) VALUES
(1, 16, 18000.00, '2025-11-24 18:53:36'),
(2, 20, 18000.00, '2025-11-24 19:10:52'),
(3, 22, 23000.00, '2025-11-24 19:27:37');

-- --------------------------------------------------------

--
-- Estructura Stand-in para la vista `v_sales_summary`
-- (Véase abajo para la vista actual)
--
CREATE TABLE `v_sales_summary` (
`screening_id` int(11)
,`movie` varchar(150)
,`cinema` varchar(120)
,`show_date` date
,`tickets_sold` bigint(21)
,`total_revenue` decimal(32,2)
);

-- --------------------------------------------------------

--
-- Estructura para la vista `v_sales_summary`
--
DROP TABLE IF EXISTS `v_sales_summary`;

CREATE ALGORITHM=UNDEFINED DEFINER=`root`@`localhost` SQL SECURITY DEFINER VIEW `v_sales_summary`  AS SELECT `s`.`id` AS `screening_id`, `m`.`title` AS `movie`, `c`.`name` AS `cinema`, cast(`s`.`start_datetime` as date) AS `show_date`, count(`t`.`id`) AS `tickets_sold`, sum(`t`.`price`) AS `total_revenue` FROM (((`tickets` `t` join `screenings` `s` on(`s`.`id` = `t`.`screening_id`)) join `movies` `m` on(`m`.`id` = `s`.`movie_id`)) join `cinemas` `c` on(`c`.`id` = `s`.`cinema_id`)) WHERE `t`.`status` = 'paid' GROUP BY `s`.`id`, `m`.`title`, `c`.`name`, cast(`s`.`start_datetime` as date) ;

--
-- Índices para tablas volcadas
--

--
-- Indices de la tabla `cinemas`
--
ALTER TABLE `cinemas`
  ADD PRIMARY KEY (`id`);

--
-- Indices de la tabla `members`
--
ALTER TABLE `members`
  ADD PRIMARY KEY (`user_id`),
  ADD KEY `idx_members_user_id` (`user_id`);

--
-- Indices de la tabla `membership_plans`
--
ALTER TABLE `membership_plans`
  ADD PRIMARY KEY (`id`);

--
-- Indices de la tabla `movies`
--
ALTER TABLE `movies`
  ADD PRIMARY KEY (`id`);

--
-- Indices de la tabla `pos_sales`
--
ALTER TABLE `pos_sales`
  ADD PRIMARY KEY (`id`),
  ADD KEY `client_id` (`client_id`);

--
-- Indices de la tabla `pos_sale_items`
--
ALTER TABLE `pos_sale_items`
  ADD PRIMARY KEY (`id`),
  ADD KEY `sale_id` (`sale_id`);

--
-- Indices de la tabla `promos`
--
ALTER TABLE `promos`
  ADD PRIMARY KEY (`id`),
  ADD UNIQUE KEY `coupon` (`coupon`);

--
-- Indices de la tabla `reservas`
--
ALTER TABLE `reservas`
  ADD PRIMARY KEY (`id`),
  ADD KEY `fk_reservas_movie` (`movie_id`),
  ADD KEY `client_id` (`client_id`);

--
-- Indices de la tabla `reservas_seats`
--
ALTER TABLE `reservas_seats`
  ADD PRIMARY KEY (`id`),
  ADD KEY `reserva_id` (`reserva_id`);

--
-- Indices de la tabla `screenings`
--
ALTER TABLE `screenings`
  ADD PRIMARY KEY (`id`),
  ADD KEY `movie_id` (`movie_id`),
  ADD KEY `cinema_id` (`cinema_id`);

--
-- Indices de la tabla `seats`
--
ALTER TABLE `seats`
  ADD PRIMARY KEY (`id`),
  ADD KEY `fk_seats_screening` (`screening_id`);

--
-- Indices de la tabla `tickets`
--
ALTER TABLE `tickets`
  ADD PRIMARY KEY (`id`),
  ADD UNIQUE KEY `uq_ticket_unique` (`screening_id`,`seat`),
  ADD KEY `user_id` (`user_id`),
  ADD KEY `client_id` (`client_id`);

--
-- Indices de la tabla `users`
--
ALTER TABLE `users`
  ADD PRIMARY KEY (`id`),
  ADD UNIQUE KEY `email` (`email`);

--
-- Indices de la tabla `ventas`
--
ALTER TABLE `ventas`
  ADD PRIMARY KEY (`id`),
  ADD KEY `reserva_id` (`reserva_id`);

--
-- AUTO_INCREMENT de las tablas volcadas
--

--
-- AUTO_INCREMENT de la tabla `cinemas`
--
ALTER TABLE `cinemas`
  MODIFY `id` int(11) NOT NULL AUTO_INCREMENT, AUTO_INCREMENT=3;

--
-- AUTO_INCREMENT de la tabla `membership_plans`
--
ALTER TABLE `membership_plans`
  MODIFY `id` int(11) NOT NULL AUTO_INCREMENT, AUTO_INCREMENT=7;

--
-- AUTO_INCREMENT de la tabla `movies`
--
ALTER TABLE `movies`
  MODIFY `id` int(11) NOT NULL AUTO_INCREMENT, AUTO_INCREMENT=8;

--
-- AUTO_INCREMENT de la tabla `pos_sales`
--
ALTER TABLE `pos_sales`
  MODIFY `id` int(11) NOT NULL AUTO_INCREMENT, AUTO_INCREMENT=30;

--
-- AUTO_INCREMENT de la tabla `pos_sale_items`
--
ALTER TABLE `pos_sale_items`
  MODIFY `id` int(11) NOT NULL AUTO_INCREMENT, AUTO_INCREMENT=25;

--
-- AUTO_INCREMENT de la tabla `promos`
--
ALTER TABLE `promos`
  MODIFY `id` int(11) NOT NULL AUTO_INCREMENT, AUTO_INCREMENT=3;

--
-- AUTO_INCREMENT de la tabla `reservas`
--
ALTER TABLE `reservas`
  MODIFY `id` int(11) NOT NULL AUTO_INCREMENT, AUTO_INCREMENT=43;

--
-- AUTO_INCREMENT de la tabla `reservas_seats`
--
ALTER TABLE `reservas_seats`
  MODIFY `id` int(11) NOT NULL AUTO_INCREMENT;

--
-- AUTO_INCREMENT de la tabla `screenings`
--
ALTER TABLE `screenings`
  MODIFY `id` int(11) NOT NULL AUTO_INCREMENT, AUTO_INCREMENT=13;

--
-- AUTO_INCREMENT de la tabla `seats`
--
ALTER TABLE `seats`
  MODIFY `id` int(11) NOT NULL AUTO_INCREMENT, AUTO_INCREMENT=1280;

--
-- AUTO_INCREMENT de la tabla `tickets`
--
ALTER TABLE `tickets`
  MODIFY `id` int(11) NOT NULL AUTO_INCREMENT, AUTO_INCREMENT=74;

--
-- AUTO_INCREMENT de la tabla `users`
--
ALTER TABLE `users`
  MODIFY `id` int(11) NOT NULL AUTO_INCREMENT, AUTO_INCREMENT=16;

--
-- AUTO_INCREMENT de la tabla `ventas`
--
ALTER TABLE `ventas`
  MODIFY `id` int(11) NOT NULL AUTO_INCREMENT, AUTO_INCREMENT=4;

--
-- Restricciones para tablas volcadas
--

--
-- Filtros para la tabla `members`
--
ALTER TABLE `members`
  ADD CONSTRAINT `fk_members_user` FOREIGN KEY (`user_id`) REFERENCES `users` (`id`) ON DELETE CASCADE;

--
-- Filtros para la tabla `pos_sales`
--
ALTER TABLE `pos_sales`
  ADD CONSTRAINT `fk_pos_sales_client` FOREIGN KEY (`client_id`) REFERENCES `users` (`id`);

--
-- Filtros para la tabla `pos_sale_items`
--
ALTER TABLE `pos_sale_items`
  ADD CONSTRAINT `pos_sale_items_ibfk_1` FOREIGN KEY (`sale_id`) REFERENCES `pos_sales` (`id`);

--
-- Filtros para la tabla `reservas`
--
ALTER TABLE `reservas`
  ADD CONSTRAINT `fk_reserva_user` FOREIGN KEY (`client_id`) REFERENCES `users` (`id`) ON DELETE SET NULL,
  ADD CONSTRAINT `fk_reservas_client` FOREIGN KEY (`client_id`) REFERENCES `users` (`id`),
  ADD CONSTRAINT `fk_reservas_movie` FOREIGN KEY (`movie_id`) REFERENCES `movies` (`id`) ON DELETE SET NULL;

--
-- Filtros para la tabla `reservas_seats`
--
ALTER TABLE `reservas_seats`
  ADD CONSTRAINT `reservas_seats_ibfk_1` FOREIGN KEY (`reserva_id`) REFERENCES `reservas` (`id`);

--
-- Filtros para la tabla `screenings`
--
ALTER TABLE `screenings`
  ADD CONSTRAINT `screenings_ibfk_1` FOREIGN KEY (`movie_id`) REFERENCES `movies` (`id`) ON DELETE CASCADE,
  ADD CONSTRAINT `screenings_ibfk_2` FOREIGN KEY (`cinema_id`) REFERENCES `cinemas` (`id`) ON DELETE CASCADE;

--
-- Filtros para la tabla `seats`
--
ALTER TABLE `seats`
  ADD CONSTRAINT `fk_seats_screening` FOREIGN KEY (`screening_id`) REFERENCES `screenings` (`id`) ON DELETE CASCADE;

--
-- Filtros para la tabla `tickets`
--
ALTER TABLE `tickets`
  ADD CONSTRAINT `fk_tickets_client` FOREIGN KEY (`client_id`) REFERENCES `users` (`id`),
  ADD CONSTRAINT `tickets_ibfk_1` FOREIGN KEY (`screening_id`) REFERENCES `screenings` (`id`) ON DELETE CASCADE,
  ADD CONSTRAINT `tickets_ibfk_2` FOREIGN KEY (`user_id`) REFERENCES `users` (`id`) ON DELETE SET NULL;
COMMIT;

/*!40101 SET CHARACTER_SET_CLIENT=@OLD_CHARACTER_SET_CLIENT */;
/*!40101 SET CHARACTER_SET_RESULTS=@OLD_CHARACTER_SET_RESULTS */;
/*!40101 SET COLLATION_CONNECTION=@OLD_COLLATION_CONNECTION */;
